County,Year,Population
Ohio,1960,9707136
Adams,1960,19982
Allen,1960,103691
Ashland,1960,38771
Ashtabula,1960,93067
Athens,1960,46998
Auglaize,1960,36147
Belmont,1960,83864
Brown,1960,25178
Butler,1960,199076
Carroll,1960,20857
Champaign,1960,29714
Clark,1960,131440
Clermont,1960,80515
Clinton,1960,30004
Columbiana,1960,107004
Coshocton,1960,32224
Crawford,1960,46775
Cuyahoga,1960,1647895
Darke,1960,45612
Defiance,1960,31508
Delaware,1960,36107
Erie,1960,68000
Fairfield,1960,63912
Fayette,1960,24775
Franklin,1960,682962
Fulton,1960,29301
Gallia,1960,26120
Geauga,1960,47573
Greene,1960,94642
Guernsey,1960,38579
Hamilton,1960,864121
Hancock,1960,53686
Hardin,1960,29633
Harrison,1960,17995
Henry,1960,25392
Highland,1960,29716
Hocking,1960,20168
Holmes,1960,21591
Huron,1960,47326
Jackson,1960,29372
Jefferson,1960,99201
Knox,1960,38808
Lake,1960,148700
Lawrence,1960,55438
Licking,1960,90242
Logan,1960,34803
Lorain,1960,217500
Lucas,1960,456931
Madison,1960,26454
Mahoning,1960,300480
Marion,1960,60221
Medina,1960,65315
Meigs,1960,22159
Mercer,1960,32559
Miami,1960,72901
Monroe,1960,15268
Montgomery,1960,527080
Morgan,1960,12747
Morrow,1960,19405
Muskingum,1960,79159
Noble,1960,10982
Ottawa,1960,35323
Paulding,1960,16792
Perry,1960,27864
Pickaway,1960,35855
Pike,1960,19380
Portage,1960,91798
Preble,1960,32498
Putnam,1960,28331
Richland,1960,117761
Ross,1960,61215
Sandusky,1960,57225
Scioto,1960,84216
Seneca,1960,59326
Shelby,1960,33586
Stark,1960,340345
Summit,1960,513569
Trumbull,1960,208526
Tuscarawas,1960,76789
Union,1960,22853
Van Wert,1960,28840
Vinton,1960,10274
Warren,1960,65726
Washington,1960,51689
Wayne,1960,75497
Williams,1960,29968
Wood,1960,72596
Wyandot,1960,21648
Ohio,1961,9933522
Adams,1961,19834
Allen,1961,105604
Ashland,1961,39471
Ashtabula,1961,94814
Athens,1961,47165
Auglaize,1961,36846
Belmont,1961,83078
Brown,1961,25554
Butler,1961,205688
Carroll,1961,21096
Champaign,1961,30055
Clark,1961,133790
Clermont,1961,85911
Clinton,1961,30671
Columbiana,1961,107829
Coshocton,1961,32462
Crawford,1961,47886
Cuyahoga,1961,1679847
Darke,1961,46137
Defiance,1961,32239
Delaware,1961,36916
Erie,1961,70091
Fairfield,1961,65450
Fayette,1961,25054
Franklin,1961,707945
Fulton,1961,29717
Gallia,1961,26273
Geauga,1961,50509
Greene,1961,99508
Guernsey,1961,38714
Hamilton,1961,883193
Hancock,1961,54946
Hardin,1961,29700
Harrison,1961,17804
Henry,1961,25854
Highland,1961,29885
Hocking,1961,20298
Holmes,1961,21966
Huron,1961,48246
Jackson,1961,29520
Jefferson,1961,99334
Knox,1961,39185
Lake,1961,158682
Lawrence,1961,56130
Licking,1961,92857
Logan,1961,35211
Lorain,1961,226711
Lucas,1961,464151
Madison,1961,27046
Mahoning,1961,305434
Marion,1961,61528
Medina,1961,68884
Meigs,1961,22041
Mercer,1961,32999
Miami,1961,74458
Monroe,1961,15317
Montgomery,1961,543674
Morgan,1961,12759
Morrow,1961,19662
Muskingum,1961,79622
Noble,1961,10857
Ottawa,1961,36057
Paulding,1961,17018
Perry,1961,27744
Pickaway,1961,36878
Pike,1961,19935
Portage,1961,95758
Preble,1961,33135
Putnam,1961,28729
Richland,1961,121142
Ross,1961,62103
Sandusky,1961,57704
Scioto,1961,84223
Seneca,1961,60025
Shelby,1961,34239
Stark,1961,347360
Summit,1961,526392
Trumbull,1961,214811
Tuscarawas,1961,77531
Union,1961,23096
Van Wert,1961,28975
Vinton,1961,10218
Warren,1961,69495
Washington,1961,52597
Wayne,1961,77700
Williams,1961,30437
Wood,1961,74299
Wyandot,1961,21813
Ohio,1962,10104203
Adams,1962,19727
Allen,1962,107089
Ashland,1962,40026
Ashtabula,1962,96082
Athens,1962,47360
Auglaize,1962,37348
Belmont,1962,82398
Brown,1962,25920
Butler,1962,210687
Carroll,1962,21260
Champaign,1962,30320
Clark,1962,135656
Clermont,1962,90198
Clinton,1962,31090
Columbiana,1962,108229
Coshocton,1962,32565
Crawford,1962,48718
Cuyahoga,1962,1703310
Darke,1962,46462
Defiance,1962,32830
Delaware,1962,37486
Erie,1962,71693
Fairfield,1962,66662
Fayette,1962,25265
Franklin,1962,727239
Fulton,1962,30052
Gallia,1962,26398
Geauga,1962,52722
Greene,1962,103240
Guernsey,1962,38689
Hamilton,1962,897639
Hancock,1962,55939
Hardin,1962,29736
Harrison,1962,17615
Henry,1962,26181
Highland,1962,29991
Hocking,1962,20417
Holmes,1962,22267
Huron,1962,48983
Jackson,1962,29537
Jefferson,1962,99355
Knox,1962,39415
Lake,1962,166398
Lawrence,1962,56681
Licking,1962,94847
Logan,1962,35495
Lorain,1962,233954
Lucas,1962,469614
Madison,1962,27472
Mahoning,1962,308705
Marion,1962,62421
Medina,1962,71638
Meigs,1962,21876
Mercer,1962,33303
Miami,1962,75510
Monroe,1962,15330
Montgomery,1962,556080
Morgan,1962,12669
Morrow,1962,19871
Muskingum,1962,80007
Noble,1962,10730
Ottawa,1962,36582
Paulding,1962,17189
Perry,1962,27618
Pickaway,1962,37713
Pike,1962,20355
Portage,1962,98821
Preble,1962,33673
Putnam,1962,29045
Richland,1962,123769
Ross,1962,62772
Sandusky,1962,58611
Scioto,1962,84120
Seneca,1962,60570
Shelby,1962,34704
Stark,1962,352244
Summit,1962,536201
Trumbull,1962,219562
Tuscarawas,1962,78028
Union,1962,23321
Van Wert,1962,29058
Vinton,1962,10154
Warren,1962,72455
Washington,1962,53318
Wayne,1962,79483
Williams,1962,30773
Wood,1962,75702
Wyandot,1962,21965
Ohio,1963,10266204
Adams,1963,19632
Allen,1963,108506
Ashland,1963,40562
Ashtabula,1963,97341
Athens,1963,47485
Auglaize,1963,37767
Belmont,1963,81631
Brown,1963,26218
Butler,1963,215572
Carroll,1963,21407
Champaign,1963,30526
Clark,1963,137374
Clermont,1963,94529
Clinton,1963,31531
Columbiana,1963,108544
Coshocton,1963,32628
Crawford,1963,49578
Cuyahoga,1963,1725173
Darke,1963,46802
Defiance,1963,33348
Delaware,1963,38070
Erie,1963,73304
Fairfield,1963,67876
Fayette,1963,25467
Franklin,1963,746041
Fulton,1963,30350
Gallia,1963,26515
Geauga,1963,54873
Greene,1963,106827
Guernsey,1963,38690
Hamilton,1963,911051
Hancock,1963,56881
Hardin,1963,29766
Harrison,1963,17446
Henry,1963,26437
Highland,1963,30118
Hocking,1963,20452
Holmes,1963,22532
Huron,1963,49741
Jackson,1963,29556
Jefferson,1963,99220
Knox,1963,39673
Lake,1963,174252
Lawrence,1963,57115
Licking,1963,96902
Logan,1963,35758
Lorain,1963,240969
Lucas,1963,474667
Madison,1963,27893
Mahoning,1963,311410
Marion,1963,63428
Medina,1963,74240
Meigs,1963,21767
Mercer,1963,33610
Miami,1963,76543
Monroe,1963,15366
Montgomery,1963,568035
Morgan,1963,12661
Morrow,1963,20102
Muskingum,1963,80256
Noble,1963,10592
Ottawa,1963,37060
Paulding,1963,17340
Perry,1963,27475
Pickaway,1963,38475
Pike,1963,20755
Portage,1963,101713
Preble,1963,34252
Putnam,1963,29332
Richland,1963,126285
Ross,1963,63370
Sandusky,1963,59456
Scioto,1963,83746
Seneca,1963,61081
Shelby,1963,35123
Stark,1963,357064
Summit,1963,545268
Trumbull,1963,224034
Tuscarawas,1963,78386
Union,1963,23506
Van Wert,1963,29092
Vinton,1963,10056
Warren,1963,75409
Washington,1963,53991
Wayne,1963,81183
Williams,1963,31156
Wood,1963,76937
Wyandot,1963,22053
Ohio,1964,10425175
Adams,1964,19543
Allen,1964,109871
Ashland,1964,41002
Ashtabula,1964,98562
Athens,1964,47594
Auglaize,1964,38207
Belmont,1964,81038
Brown,1964,26494
Butler,1964,220406
Carroll,1964,21523
Champaign,1964,30725
Clark,1964,139104
Clermont,1964,98654
Clinton,1964,31996
Columbiana,1964,108952
Coshocton,1964,32744
Crawford,1964,50432
Cuyahoga,1964,1746464
Darke,1964,47149
Defiance,1964,33948
Delaware,1964,38643
Erie,1964,74808
Fairfield,1964,69114
Fayette,1964,25643
Franklin,1964,764923
Fulton,1964,30636
Gallia,1964,26541
Geauga,1964,57134
Greene,1964,110417
Guernsey,1964,38706
Hamilton,1964,924641
Hancock,1964,57884
Hardin,1964,29766
Harrison,1964,17256
Henry,1964,26706
Highland,1964,30197
Hocking,1964,20501
Holmes,1964,22824
Huron,1964,50386
Jackson,1964,29547
Jefferson,1964,98932
Knox,1964,39881
Lake,1964,181972
Lawrence,1964,57629
Licking,1964,99128
Logan,1964,35944
Lorain,1964,247902
Lucas,1964,479238
Madison,1964,28259
Mahoning,1964,313755
Marion,1964,64313
Medina,1964,76806
Meigs,1964,21615
Mercer,1964,33935
Miami,1964,77671
Monroe,1964,15414
Montgomery,1964,579702
Morgan,1964,12597
Morrow,1964,20365
Muskingum,1964,80555
Noble,1964,10454
Ottawa,1964,37452
Paulding,1964,17463
Perry,1964,27334
Pickaway,1964,39278
Pike,1964,21126
Portage,1964,104623
Preble,1964,34716
Putnam,1964,29568
Richland,1964,128747
Ross,1964,63980
Sandusky,1964,60301
Scioto,1964,83419
Seneca,1964,61562
Shelby,1964,35652
Stark,1964,361483
Summit,1964,554120
Trumbull,1964,228406
Tuscarawas,1964,78753
Union,1964,23643
Van Wert,1964,29129
Vinton,1964,9944
Warren,1964,78342
Washington,1964,54668
Wayne,1964,82825
Williams,1964,31473
Wood,1964,78254
Wyandot,1964,22166
Ohio,1965,10564144
Adams,1965,19364
Allen,1965,111059
Ashland,1965,41363
Ashtabula,1965,99734
Athens,1965,47655
Auglaize,1965,38609
Belmont,1965,80161
Brown,1965,26837
Butler,1965,224781
Carroll,1965,21635
Champaign,1965,30871
Clark,1965,140685
Clermont,1965,102790
Clinton,1965,32344
Columbiana,1965,109057
Coshocton,1965,32819
Crawford,1965,51179
Cuyahoga,1965,1759001
Darke,1965,47478
Defiance,1965,34439
Delaware,1965,39212
Erie,1965,76195
Fairfield,1965,70195
Fayette,1965,25791
Franklin,1965,782678
Fulton,1965,30862
Gallia,1965,26534
Geauga,1965,59321
Greene,1965,113930
Guernsey,1965,38645
Hamilton,1965,937282
Hancock,1965,58726
Hardin,1965,29703
Harrison,1965,17055
Henry,1965,26915
Highland,1965,30280
Hocking,1965,20513
Holmes,1965,23088
Huron,1965,51062
Jackson,1965,29473
Jefferson,1965,98603
Knox,1965,40113
Lake,1965,189519
Lawrence,1965,58104
Licking,1965,101091
Logan,1965,36092
Lorain,1965,254680
Lucas,1965,483021
Madison,1965,28640
Mahoning,1965,315874
Marion,1965,65270
Medina,1965,78744
Meigs,1965,21369
Mercer,1965,34191
Miami,1965,78619
Monroe,1965,15454
Montgomery,1965,590644
Morgan,1965,12578
Morrow,1965,20574
Muskingum,1965,80725
Noble,1965,10345
Ottawa,1965,37004
Paulding,1965,17604
Perry,1965,27113
Pickaway,1965,39936
Pike,1965,21433
Portage,1965,107650
Preble,1965,35229
Putnam,1965,29813
Richland,1965,131047
Ross,1965,64513
Sandusky,1965,61075
Scioto,1965,82930
Seneca,1965,61902
Shelby,1965,36098
Stark,1965,365486
Summit,1965,562476
Trumbull,1965,232429
Tuscarawas,1965,79037
Union,1965,23787
Van Wert,1965,29106
Vinton,1965,9810
Warren,1965,81186
Washington,1965,55296
Wayne,1965,84321
Williams,1965,31808
Wood,1965,79414
Wyandot,1965,22270
Ohio,1966,10691488
Adams,1966,19202
Allen,1966,112229
Ashland,1966,41706
Ashtabula,1966,100733
Athens,1966,48321
Auglaize,1966,38974
Belmont,1966,79393
Brown,1966,27044
Butler,1966,228035
Carroll,1966,21712
Champaign,1966,30952
Clark,1966,142309
Clermont,1966,105368
Clinton,1966,32673
Columbiana,1966,109182
Coshocton,1966,32833
Crawford,1966,51876
Cuyahoga,1966,1772368
Darke,1966,47764
Defiance,1966,34995
Delaware,1966,39599
Erie,1966,77514
Fairfield,1966,71155
Fayette,1966,25879
Franklin,1966,799492
Fulton,1966,31107
Gallia,1966,26518
Geauga,1966,61449
Greene,1966,117309
Guernsey,1966,38494
Hamilton,1966,947873
Hancock,1966,59502
Hardin,1966,29649
Harrison,1966,16883
Henry,1966,27108
Highland,1966,30286
Hocking,1966,20482
Holmes,1966,23343
Huron,1966,51667
Jackson,1966,29352
Jefferson,1966,98742
Knox,1966,40316
Lake,1966,197026
Lawrence,1966,58528
Licking,1966,102643
Logan,1966,36240
Lorain,1966,261295
Lucas,1966,486926
Madison,1966,28956
Mahoning,1966,317682
Marion,1966,66075
Medina,1966,80407
Meigs,1966,21152
Mercer,1966,34431
Miami,1966,79591
Monroe,1966,15472
Montgomery,1966,599435
Morgan,1966,12565
Morrow,1966,20759
Muskingum,1966,80828
Noble,1966,10230
Ottawa,1966,38201
Paulding,1966,17755
Perry,1966,26878
Pickaway,1966,40605
Pike,1966,21780
Portage,1966,110312
Preble,1966,35641
Putnam,1966,30046
Richland,1966,113265
Ross,1966,65037
Sandusky,1966,61831
Scioto,1966,82344
Seneca,1966,62211
Shelby,1966,36537
Stark,1966,369378
Summit,1966,569476
Trumbull,1966,236343
Tuscarawas,1966,79244
Union,1966,23933
Van Wert,1966,29042
Vinton,1966,9671
Warren,1966,83876
Washington,1966,55898
Wayne,1966,85667
Williams,1966,32075
Wood,1966,80481
Wyandot,1966,22332
Ohio,1967,10749221
Adams,1967,19227
Allen,1967,113214
Ashland,1967,42118
Ashtabula,1967,101368
Athens,1967,48847
Auglaize,1967,39340
Belmont,1967,79622
Brown,1967,27093
Butler,1967,228325
Carroll,1967,21768
Champaign,1967,31230
Clark,1967,145218
Clermont,1967,105513
Clinton,1967,33078
Columbiana,1967,109218
Coshocton,1967,33174
Crawford,1967,52564
Cuyahoga,1967,1773954
Darke,1967,48210
Defiance,1967,35444
Delaware,1967,39974
Erie,1967,78495
Fairfield,1967,72266
Fayette,1967,26026
Franklin,1967,808523
Fulton,1967,31683
Gallia,1967,26789
Geauga,1967,61862
Greene,1967,118673
Guernsey,1967,38485
Hamilton,1967,949876
Hancock,1967,60244
Hardin,1967,29988
Harrison,1967,17051
Henry,1967,27239
Highland,1967,30406
Hocking,1967,20612
Holmes,1967,23416
Huron,1967,51961
Jackson,1967,29475
Jefferson,1967,99553
Knox,1967,40430
Lake,1967,198346
Lawrence,1967,58768
Licking,1967,105615
Logan,1967,36327
Lorain,1967,264024
Lucas,1967,488206
Madison,1967,29226
Mahoning,1967,318048
Marion,1967,66751
Medina,1967,80840
Meigs,1967,21205
Mercer,1967,34787
Miami,1967,81302
Monroe,1967,15570
Montgomery,1967,600143
Morgan,1967,12557
Morrow,1967,20931
Muskingum,1967,81063
Noble,1967,10272
Ottawa,1967,38403
Paulding,1967,18106
Perry,1967,27082
Pickaway,1967,41239
Pike,1967,21738
Portage,1967,113095
Preble,1967,36023
Putnam,1967,30272
Richland,1967,133974
Ross,1967,65427
Sandusky,1967,62430
Scioto,1967,83018
Seneca,1967,62503
Shelby,1967,37003
Stark,1967,370456
Summit,1967,569817
Trumbull,1967,237215
Tuscarawas,1967,79364
Union,1967,24034
Van Wert,1967,29143
Vinton,1967,9724
Warren,1967,85266
Washington,1967,56367
Wayne,1967,86482
Williams,1967,32203
Wood,1967,80889
Wyandot,1967,22415
Ohio,1968,10784388
Adams,1968,19461
Allen,1968,114213
Ashland,1968,42548
Ashtabula,1968,102051
Athens,1968,49274
Auglaize,1968,39619
Belmont,1968,79721
Brown,1968,27155
Butler,1968,228426
Carroll,1968,21810
Champaign,1968,31376
Clark,1968,146893
Clermont,1968,105618
Clinton,1968,33428
Columbiana,1968,109364
Coshocton,1968,33257
Crawford,1968,52788
Cuyahoga,1968,1774218
Darke,1968,48452
Defiance,1968,35632
Delaware,1968,40344
Erie,1968,78927
Fairfield,1968,73119
Fayette,1968,26195
Franklin,1968,814513
Fulton,1968,32016
Gallia,1968,26889
Geauga,1968,61998
Greene,1968,119136
Guernsey,1968,38557
Hamilton,1968,950451
Hancock,1968,61001
Hardin,1968,30345
Harrison,1968,17168
Henry,1968,27429
Highland,1968,30802
Hocking,1968,20764
Holmes,1968,23480
Huron,1968,52153
Jackson,1968,29577
Jefferson,1968,99685
Knox,1968,40729
Lake,1968,199124
Lawrence,1968,59171
Licking,1968,107396
Logan,1968,36417
Lorain,1968,264902
Lucas,1968,489122
Madison,1968,29483
Mahoning,1968,318287
Marion,1968,66922
Medina,1968,81005
Meigs,1968,21251
Mercer,1968,35009
Miami,1968,82341
Monroe,1968,15679
Montgomery,1968,600747
Morgan,1968,12610
Morrow,1968,21074
Muskingum,1968,81358
Noble,1968,10282
Ottawa,1968,38471
Paulding,1968,18260
Perry,1968,27350
Pickaway,1968,41649
Pike,1968,21690
Portage,1968,113816
Preble,1968,36891
Putnam,1968,30477
Richland,1968,134112
Ross,1968,65582
Sandusky,1968,62586
Scioto,1968,83329
Seneca,1968,62681
Shelby,1968,37603
Stark,1968,370824
Summit,1968,570085
Trumbull,1968,237595
Tuscarawas,1968,79645
Union,1968,24204
Van Wert,1968,29121
Vinton,1968,9654
Warren,1968,85888
Washington,1968,56906
Wayne,1968,87332
Williams,1968,32489
Wood,1968,80985
Wyandot,1968,22401
Ohio,1969,10790424
Adams,1969,19589
Allen,1969,114714
Ashland,1969,42603
Ashtabula,1969,102074
Athens,1969,58631
Auglaize,1969,39652
Belmont,1969,80847
Brown,1969,26940
Butler,1969,228469
Carroll,1969,21852
Champaign,1969,31436
Clark,1969,149728
Clermont,1969,105161
Clinton,1969,33634
Columbiana,1969,109018
Coshocton,1969,33345
Crawford,1969,52723
Cuyahoga,1969,1768022
Darke,1969,50355
Defiance,1969,35651
Delaware,1969,40565
Erie,1969,78962
Fairfield,1969,73178
Fayette,1969,26122
Franklin,1969,814729
Fulton,1969,32144
Gallia,1969,26866
Geauga,1969,62148
Greene,1969,120705
Guernsey,1969,38510
Hamilton,1969,945829
Hancock,1969,61905
Hardin,1969,30389
Harrison,1969,17183
Henry,1969,27505
Highland,1969,31026
Hocking,1969,20851
Holmes,1969,23414
Huron,1969,52170
Jackson,1969,29542
Jefferson,1969,99343
Knox,1969,40854
Lake,1969,194022
Lawrence,1969,59275
Licking,1969,108361
Logan,1969,36219
Lorain,1969,264713
Lucas,1969,487921
Madison,1969,29518
Mahoning,1969,316013
Marion,1969,66948
Medina,1969,80324
Meigs,1969,21166
Mercer,1969,35122
Miami,1969,85040
Monroe,1969,15813
Montgomery,1969,600514
Morgan,1969,12869
Morrow,1969,21175
Muskingum,1969,81417
Noble,1969,10211
Ottawa,1969,38326
Paulding,1969,18487
Perry,1969,27542
Pickaway,1969,41960
Pike,1969,21514
Portage,1969,118240
Preble,1969,36943
Putnam,1969,31113
Richland,1969,134516
Ross,1969,65467
Sandusky,1969,62314
Scioto,1969,83057
Seneca,1969,62388
Shelby,1969,37779
Stark,1969,369215
Summit,1969,569513
Trumbull,1969,236214
Tuscarawas,1969,79701
Union,1969,24297
Van Wert,1969,29147
Vinton,1969,9668
Warren,1969,85749
Washington,1969,57375
Wayne,1969,87483
Williams,1969,32641
Wood,1969,82692
Wyandot,1969,22058
Ohio,1970,10657423
Adams,1970,18957
Allen,1970,111144
Ashland,1970,43303
Ashtabula,1970,98237
Athens,1970,55747
Auglaize,1970,38602
Belmont,1970,80917
Brown,1970,26635
Butler,1970,226207
Carroll,1970,21579
Champaign,1970,30491
Clark,1970,157115
Clermont,1970,95372
Clinton,1970,31464
Columbiana,1970,108310
Coshocton,1970,33486
Crawford,1970,50364
Cuyahoga,1970,1720835
Darke,1970,49141
Defiance,1970,36949
Delaware,1970,42908
Erie,1970,75909
Fairfield,1970,73301
Fayette,1970,25461
Franklin,1970,833249
Fulton,1970,33071
Gallia,1970,25239
Geauga,1970,62977
Greene,1970,125057
Guernsey,1970,37665
Hamilton,1970,925944
Hancock,1970,61217
Hardin,1970,30813
Harrison,1970,17013
Henry,1970,27058
Highland,1970,28996
Hocking,1970,20322
Holmes,1970,23024
Huron,1970,49587
Jackson,1970,27174
Jefferson,1970,96193
Knox,1970,41795
Lake,1970,197200
Lawrence,1970,56868
Licking,1970,107799
Logan,1970,35072
Lorain,1970,256843
Lucas,1970,483551
Madison,1970,28318
Mahoning,1970,304545
Marion,1970,64724
Medina,1970,82717
Meigs,1970,19799
Mercer,1970,35558
Miami,1970,84342
Monroe,1970,15739
Montgomery,1970,608413
Morgan,1970,12375
Morrow,1970,21348
Muskingum,1970,77826
Noble,1970,10428
Ottawa,1970,37099
Paulding,1970,19329
Perry,1970,27434
Pickaway,1970,40071
Pike,1970,19114
Portage,1970,125868
Preble,1970,34719
Putnam,1970,31134
Richland,1970,129997
Ross,1970,61211
Sandusky,1970,60983
Scioto,1970,76951
Seneca,1970,60696
Shelby,1970,37748
Stark,1970,372210
Summit,1970,553371
Trumbull,1970,232579
Tuscarawas,1970,77211
Union,1970,23786
Van Wert,1970,29194
Vinton,1970,9420
Warren,1970,85505
Washington,1970,57160
Wayne,1970,87123
Williams,1970,33669
Wood,1970,89722
Wyandot,1970,21826
Ohio,1971,10735000
Adams,1971,19900
Allen,1971,111400
Ashland,1971,43200
Ashtabula,1971,100700
Athens,1971,57200
Auglaize,1971,39200
Belmont,1971,83400
Brown,1971,27700
Butler,1971,229300
Carroll,1971,22100
Champaign,1971,30900
Clark,1971,160000
Clermont,1971,98300
Clinton,1971,31800
Columbiana,1971,109700
Coshocton,1971,33900
Crawford,1971,51700
Cuyahoga,1971,1707600
Darke,1971,50200
Defiance,1971,37100
Delaware,1971,43600
Erie,1971,77300
Fairfield,1971,75300
Fayette,1971,25900
Franklin,1971,850900
Fulton,1971,34000
Gallia,1971,26200
Geauga,1971,63200
Greene,1971,126800
Guernsey,1971,39300
Hamilton,1971,922800
Hancock,1971,62000
Hardin,1971,30900
Harrison,1971,17200
Henry,1971,27500
Highland,1971,29800
Hocking,1971,20900
Holmes,1971,24000
Huron,1971,50500
Jackson,1971,27100
Jefferson,1971,97100
Knox,1971,41900
Lake,1971,198100
Lawrence,1971,58400
Licking,1971,109800
Logan,1971,35800
Lorain,1971,259100
Lucas,1971,487200
Madison,1971,28900
Mahoning,1971,306300
Marion,1971,66300
Medina,1971,84400
Meigs,1971,20000
Mercer,1971,35700
Miami,1971,85500
Monroe,1971,15700
Montgomery,1971,604000
Morgan,1971,13200
Morrow,1971,22800
Muskingum,1971,78800
Noble,1971,10400
Ottawa,1971,37700
Paulding,1971,19800
Perry,1971,28000
Pickaway,1971,41400
Pike,1971,19100
Portage,1971,128800
Preble,1971,35800
Putnam,1971,31700
Richland,1971,129400
Ross,1971,60900
Sandusky,1971,61000
Scioto,1971,77700
Seneca,1971,60800
Shelby,1971,37600
Stark,1971,374800
Summit,1971,550400
Trumbull,1971,235300
Tuscarawas,1971,78400
Union,1971,25200
Van Wert,1971,29100
Vinton,1971,9400
Warren,1971,86600
Washington,1971,58100
Wayne,1971,88400
Williams,1971,33800
Wood,1971,92600
Wyandot,1971,22500
Ohio,1972,10747000
Adams,1972,20700
Allen,1972,110600
Ashland,1972,43900
Ashtabula,1972,100800
Athens,1972,57500
Auglaize,1972,39500
Belmont,1972,83100
Brown,1972,28900
Butler,1972,232400
Carroll,1972,22500
Champaign,1972,31000
Clark,1972,157900
Clermont,1972,99400
Clinton,1972,32000
Columbiana,1972,110400
Coshocton,1972,34900
Crawford,1972,51400
Cuyahoga,1972,1670000
Darke,1972,51200
Defiance,1972,37200
Delaware,1972,44300
Erie,1972,77700
Fairfield,1972,76700
Fayette,1972,26800
Franklin,1972,857200
Fulton,1972,35200
Gallia,1972,26700
Geauga,1972,63500
Greene,1972,125700
Guernsey,1972,39700
Hamilton,1972,913900
Hancock,1972,62700
Hardin,1972,32100
Harrison,1972,17400
Henry,1972,28200
Highland,1972,30000
Hocking,1972,21500
Holmes,1972,25100
Huron,1972,51400
Jackson,1972,27700
Jefferson,1972,96300
Knox,1972,42900
Lake,1972,198200
Lawrence,1972,60300
Licking,1972,110700
Logan,1972,36400
Lorain,1972,260700
Lucas,1972,488400
Madison,1972,29400
Mahoning,1972,303800
Marion,1972,66500
Medina,1972,85200
Meigs,1972,20200
Mercer,1972,36600
Miami,1972,86800
Monroe,1972,15500
Montgomery,1972,601400
Morgan,1972,13600
Morrow,1972,23600
Muskingum,1972,80800
Noble,1972,10700
Ottawa,1972,38600
Paulding,1972,19900
Perry,1972,27900
Pickaway,1972,42300
Pike,1972,20300
Portage,1972,129600
Preble,1972,36100
Putnam,1972,32600
Richland,1972,130800
Ross,1972,61700
Sandusky,1972,62700
Scioto,1972,79900
Seneca,1972,61600
Shelby,1972,38700
Stark,1972,372100
Summit,1972,547500
Trumbull,1972,247000
Tuscarawas,1972,78800
Union,1972,25000
Van Wert,1972,30000
Vinton,1972,10000
Warren,1972,86700
Washington,1972,58700
Wayne,1972,89500
Williams,1972,34700
Wood,1972,94600
Wyandot,1972,22800
Ohio,1973,10767000
Adams,1973,21800
Allen,1973,110200
Ashland,1973,44200
Ashtabula,1973,100400
Athens,1973,56100
Auglaize,1973,40400
Belmont,1973,82700
Brown,1973,29300
Butler,1973,236900
Carroll,1973,23300
Champaign,1973,30700
Clark,1973,157400
Clermont,1973,102800
Clinton,1973,32500
Columbiana,1973,111500
Coshocton,1973,35200
Crawford,1973,51800
Cuyahoga,1973,1643700
Darke,1973,52300
Defiance,1973,37400
Delaware,1973,47300
Erie,1973,78200
Fairfield,1973,79200
Fayette,1973,26600
Franklin,1973,860700
Fulton,1973,35300
Gallia,1973,26900
Geauga,1973,65800
Greene,1973,126600
Guernsey,1973,39900
Hamilton,1973,912100
Hancock,1973,63400
Hardin,1973,32500
Harrison,1973,17700
Henry,1973,28500
Highland,1973,30800
Hocking,1973,21400
Holmes,1973,25700
Huron,1973,52200
Jackson,1973,28700
Jefferson,1973,95800
Knox,1973,43200
Lake,1973,201700
Lawrence,1973,59900
Licking,1973,110900
Logan,1973,37000
Lorain,1973,264900
Lucas,1973,488500
Madison,1973,28300
Mahoning,1973,302600
Marion,1973,66500
Medina,1973,90000
Meigs,1973,21000
Mercer,1973,37300
Miami,1973,87900
Monroe,1973,16000
Montgomery,1973,591800
Morgan,1973,13400
Morrow,1973,24500
Muskingum,1973,80900
Noble,1973,10700
Ottawa,1973,38500
Paulding,1973,20200
Perry,1973,30100
Pickaway,1973,43100
Pike,1973,20300
Portage,1973,131300
Preble,1973,35700
Putnam,1973,32600
Richland,1973,130900
Ross,1973,61900
Sandusky,1973,63400
Scioto,1973,79500
Seneca,1973,62600
Shelby,1973,40100
Stark,1973,381500
Summit,1973,544900
Trumbull,1973,237200
Tuscarawas,1973,80300
Union,1973,25900
Van Wert,1973,30300
Vinton,1973,10300
Warren,1973,88100
Washington,1973,59300
Wayne,1973,90700
Williams,1973,35000
Wood,1973,97500
Wyandot,1973,22800
Ohio,1974,10766000
Adams,1974,22500
Allen,1974,110600
Ashland,1974,44200
Ashtabula,1974,101100
Athens,1974,54000
Auglaize,1974,40900
Belmont,1974,82300
Brown,1974,29500
Butler,1974,239000
Carroll,1974,24000
Champaign,1974,32300
Clark,1974,155800
Clermont,1974,104700
Clinton,1974,32900
Columbiana,1974,111700
Coshocton,1974,35100
Crawford,1974,51400
Cuyahoga,1974,1617100
Darke,1974,53900
Defiance,1974,37800
Delaware,1974,49600
Erie,1974,78100
Fairfield,1974,81800
Fayette,1974,26700
Franklin,1974,864400
Fulton,1974,36000
Gallia,1974,27200
Geauga,1974,66100
Greene,1974,125900
Guernsey,1974,40400
Hamilton,1974,905200
Hancock,1974,63900
Hardin,1974,32000
Harrison,1974,17800
Henry,1974,28400
Highland,1974,31500
Hocking,1974,22200
Holmes,1974,26600
Huron,1974,52400
Jackson,1974,28800
Jefferson,1974,94400
Knox,1974,43800
Lake,1974,203400
Lawrence,1974,60100
Licking,1974,112300
Logan,1974,37200
Lorain,1974,268100
Lucas,1974,486000
Madison,1974,30800
Mahoning,1974,306300
Marion,1974,67400
Medina,1974,92900
Meigs,1974,21300
Mercer,1974,37600
Miami,1974,87900
Monroe,1974,15900
Montgomery,1974,585100
Morgan,1974,13300
Morrow,1974,25200
Muskingum,1974,80400
Noble,1974,10800
Ottawa,1974,39100
Paulding,1974,20400
Perry,1974,28900
Pickaway,1974,43500
Pike,1974,20400
Portage,1974,132600
Preble,1974,35500
Putnam,1974,32600
Richland,1974,130400
Ross,1974,61500
Sandusky,1974,62900
Scioto,1974,80000
Seneca,1974,62500
Shelby,1974,41000
Stark,1974,382300
Summit,1974,537700
Trumbull,1974,240300
Tuscarawas,1974,80800
Union,1974,28200
Van Wert,1974,29700
Vinton,1974,10300
Warren,1974,88500
Washington,1974,59800
Wayne,1974,91100
Williams,1974,35300
Wood,1974,101000
Wyandot,1974,23100
Ohio,1975,10770000
Adams,1975,22200
Allen,1975,110800
Ashland,1975,44800
Ashtabula,1975,102000
Athens,1975,52300
Auglaize,1975,42500
Belmont,1975,82900
Brown,1975,30100
Butler,1975,240700
Carroll,1975,24300
Champaign,1975,32300
Clark,1975,154600
Clermont,1975,109600
Clinton,1975,33300
Columbiana,1975,112200
Coshocton,1975,35700
Crawford,1975,51200
Cuyahoga,1975,1595200
Darke,1975,54300
Defiance,1975,38100
Delaware,1975,49400
Erie,1975,78500
Fairfield,1975,84100
Fayette,1975,26700
Franklin,1975,867400
Fulton,1975,36000
Gallia,1975,28800
Geauga,1975,67700
Greene,1975,125800
Guernsey,1975,40600
Hamilton,1975,892900
Hancock,1975,63900
Hardin,1975,32000
Harrison,1975,17700
Henry,1975,28400
Highland,1975,31300
Hocking,1975,22300
Holmes,1975,27400
Huron,1975,53700
Jackson,1975,29400
Jefferson,1975,94800
Knox,1975,44500
Lake,1975,209300
Lawrence,1975,59100
Licking,1975,115600
Logan,1975,38100
Lorain,1975,268500
Lucas,1975,485200
Madison,1975,32400
Mahoning,1975,289400
Marion,1975,67900
Medina,1975,96800
Meigs,1975,21500
Mercer,1975,38000
Miami,1975,88500
Monroe,1975,15900
Montgomery,1975,583400
Morgan,1975,13500
Morrow,1975,26000
Muskingum,1975,81900
Noble,1975,11100
Ottawa,1975,40100
Paulding,1975,20800
Perry,1975,30500
Pickaway,1975,44300
Pike,1975,21100
Portage,1975,132700
Preble,1975,36100
Putnam,1975,33300
Richland,1975,130900
Ross,1975,62400
Sandusky,1975,63900
Scioto,1975,81200
Seneca,1975,62200
Shelby,1975,41700
Stark,1975,378100
Summit,1975,540100
Trumbull,1975,243900
Tuscarawas,1975,81900
Union,1975,27600
Van Wert,1975,29700
Vinton,1975,10400
Warren,1975,88600
Washington,1975,61100
Wayne,1975,94700
Williams,1975,35200
Wood,1975,99600
Wyandot,1975,23300
Ohio,1976,10753000
Adams,1976,23200
Allen,1976,109900
Ashland,1976,44400
Ashtabula,1976,101200
Athens,1976,51500
Auglaize,1976,41300
Belmont,1976,83200
Brown,1976,30100
Butler,1976,241400
Carroll,1976,24700
Champaign,1976,32900
Clark,1976,151700
Clermont,1976,111800
Clinton,1976,33500
Columbiana,1976,112700
Coshocton,1976,35400
Crawford,1976,51200
Cuyahoga,1976,1578100
Darke,1976,55200
Defiance,1976,38400
Delaware,1976,49900
Erie,1976,78300
Fairfield,1976,85600
Fayette,1976,27000
Franklin,1976,869000
Fulton,1976,36500
Gallia,1976,28700
Geauga,1976,67800
Greene,1976,128100
Guernsey,1976,40400
Hamilton,1976,894100
Hancock,1976,63900
Hardin,1976,32400
Harrison,1976,17600
Henry,1976,28300
Highland,1976,32800
Hocking,1976,22900
Holmes,1976,27900
Huron,1976,53400
Jackson,1976,30100
Jefferson,1976,93800
Knox,1976,44400
Lake,1976,209800
Lawrence,1976,61300
Licking,1976,115200
Logan,1976,38200
Lorain,1976,265100
Lucas,1976,478200
Madison,1976,32100
Mahoning,1976,297600
Marion,1976,67400
Medina,1976,99100
Meigs,1976,21900
Mercer,1976,37700
Miami,1976,88600
Monroe,1976,16000
Montgomery,1976,577400
Morgan,1976,13500
Morrow,1976,25900
Muskingum,1976,82100
Noble,1976,11200
Ottawa,1976,39100
Paulding,1976,20600
Perry,1976,29800
Pickaway,1976,44000
Pike,1976,21400
Portage,1976,133700
Preble,1976,36500
Putnam,1976,33700
Richland,1976,131200
Ross,1976,62300
Sandusky,1976,63500
Scioto,1976,84900
Seneca,1976,61900
Shelby,1976,41500
Stark,1976,375900
Summit,1976,534200
Trumbull,1976,239900
Tuscarawas,1976,82600
Union,1976,28300
Van Wert,1976,29600
Vinton,1976,10400
Warren,1976,91300
Washington,1976,60900
Wayne,1976,94000
Williams,1976,35300
Wood,1976,100400
Wyandot,1976,23100
Ohio,1977,10771000
Adams,1977,23500
Allen,1977,110500
Ashland,1977,44700
Ashtabula,1977,101600
Athens,1977,54000
Auglaize,1977,41500
Belmont,1977,82600
Brown,1977,30600
Butler,1977,245900
Carroll,1977,25200
Champaign,1977,33200
Clark,1977,150800
Clermont,1977,115400
Clinton,1977,34000
Columbiana,1977,113800
Coshocton,1977,35300
Crawford,1977,50900
Cuyahoga,1977,1559100
Darke,1977,55100
Defiance,1977,38900
Delaware,1977,50900
Erie,1977,78500
Fairfield,1977,86400
Fayette,1977,27100
Franklin,1977,875200
Fulton,1977,37100
Gallia,1977,30100
Geauga,1977,70400
Greene,1977,128600
Guernsey,1977,40200
Hamilton,1977,890000
Hancock,1977,64100
Hardin,1977,32300
Harrison,1977,17300
Henry,1977,28400
Highland,1977,33300
Hocking,1977,23200
Holmes,1977,28600
Huron,1977,53900
Jackson,1977,30100
Jefferson,1977,93200
Knox,1977,45300
Lake,1977,210000
Lawrence,1977,61900
Licking,1977,116300
Logan,1977,38400
Lorain,1977,270900
Lucas,1977,474700
Madison,1977,32000
Mahoning,1977,297100
Marion,1977,67000
Medina,1977,103200
Meigs,1977,22100
Mercer,1977,38200
Miami,1977,89000
Monroe,1977,16300
Montgomery,1977,570900
Morgan,1977,13400
Morrow,1977,26500
Muskingum,1977,83100
Noble,1977,11200
Ottawa,1977,40000
Paulding,1977,20800
Perry,1977,30200
Pickaway,1977,44100
Pike,1977,21600
Portage,1977,133500
Preble,1977,36800
Putnam,1977,33500
Richland,1977,130500
Ross,1977,63600
Sandusky,1977,63800
Scioto,1977,84500
Seneca,1977,62200
Shelby,1977,42100
Stark,1977,376100
Summit,1977,528800
Trumbull,1977,241900
Tuscarawas,1977,83000
Union,1977,31100
Van Wert,1977,30300
Vinton,1977,10800
Warren,1977,93600
Washington,1977,61500
Wayne,1977,94100
Williams,1977,35600
Wood,1977,102000
Wyandot,1977,22900
Ohio,1978,10795000
Adams,1978,23900
Allen,1978,109800
Ashland,1978,45300
Ashtabula,1978,102500
Athens,1978,55100
Auglaize,1978,42000
Belmont,1978,82300
Brown,1978,31300
Butler,1978,251400
Carroll,1978,25700
Champaign,1978,33400
Clark,1978,150700
Clermont,1978,120600
Clinton,1978,34400
Columbiana,1978,114700
Coshocton,1978,35500
Crawford,1978,51400
Cuyahoga,1978,1538700
Darke,1978,54700
Defiance,1978,39200
Delaware,1978,52000
Erie,1978,78700
Fairfield,1978,88800
Fayette,1978,27100
Franklin,1978,877500
Fulton,1978,37500
Gallia,1978,29700
Geauga,1978,73300
Greene,1978,129400
Guernsey,1978,40500
Hamilton,1978,886500
Hancock,1978,64900
Hardin,1978,32600
Harrison,1978,17400
Henry,1978,29000
Highland,1978,33500
Hocking,1978,23300
Holmes,1978,29500
Huron,1978,54400
Jackson,1978,30100
Jefferson,1978,92500
Knox,1978,46300
Lake,1978,211200
Lawrence,1978,62400
Licking,1978,118700
Logan,1978,38800
Lorain,1978,275800
Lucas,1978,469500
Madison,1978,32200
Mahoning,1978,292600
Marion,1978,66800
Medina,1978,107900
Meigs,1978,22300
Mercer,1978,38300
Miami,1978,89900
Monroe,1978,16500
Montgomery,1978,569200
Morgan,1978,13600
Morrow,1978,26700
Muskingum,1978,83000
Noble,1978,11200
Ottawa,1978,40500
Paulding,1978,21000
Perry,1978,30900
Pickaway,1978,44400
Pike,1978,22100
Portage,1978,134500
Preble,1978,37200
Putnam,1978,33200
Richland,1978,130900
Ross,1978,64600
Sandusky,1978,64000
Scioto,1978,83900
Seneca,1978,62600
Shelby,1978,42800
Stark,1978,378400
Summit,1978,524000
Trumbull,1978,245200
Tuscarawas,1978,83300
Union,1978,29400
Van Wert,1978,30500
Vinton,1978,11000
Warren,1978,96300
Washington,1978,62800
Wayne,1978,95500
Williams,1978,35900
Wood,1978,104100
Wyandot,1978,22800
Ohio,1979,10799000
Adams,1979,24000
Allen,1979,111200
Ashland,1979,45800
Ashtabula,1979,103800
Athens,1979,55200
Auglaize,1979,42500
Belmont,1979,83400
Brown,1979,31600
Butler,1979,256500
Carroll,1979,25600
Champaign,1979,33900
Clark,1979,150800
Clermont,1979,124800
Clinton,1979,34600
Columbiana,1979,113800
Coshocton,1979,35800
Crawford,1979,50800
Cuyahoga,1979,1514200
Darke,1979,55600
Defiance,1979,39900
Delaware,1979,53600
Erie,1979,78200
Fairfield,1979,91500
Fayette,1979,27400
Franklin,1979,877400
Fulton,1979,37700
Gallia,1979,29500
Geauga,1979,73600
Greene,1979,129800
Guernsey,1979,41000
Hamilton,1979,879500
Hancock,1979,64700
Hardin,1979,32300
Harrison,1979,17800
Henry,1979,28600
Highland,1979,33500
Hocking,1979,24000
Holmes,1979,29600
Huron,1979,54600
Jackson,1979,30300
Jefferson,1979,91000
Knox,1979,46700
Lake,1979,212500
Lawrence,1979,63100
Licking,1979,120000
Logan,1979,38800
Lorain,1979,273000
Lucas,1979,471500
Madison,1979,32500
Mahoning,1979,289100
Marion,1979,67100
Medina,1979,111300
Meigs,1979,22900
Mercer,1979,38300
Miami,1979,90400
Monroe,1979,17100
Montgomery,1979,571100
Morgan,1979,13900
Morrow,1979,27000
Muskingum,1979,83200
Noble,1979,11100
Ottawa,1979,40500
Paulding,1979,21300
Perry,1979,30900
Pickaway,1979,44100
Pike,1979,22400
Portage,1979,134300
Preble,1979,37800
Putnam,1979,34400
Richland,1979,130200
Ross,1979,64800
Sandusky,1979,63700
Scioto,1979,84500
Seneca,1979,62700
Shelby,1979,43100
Stark,1979,377300
Summit,1979,526100
Trumbull,1979,241300
Tuscarawas,1979,84000
Union,1979,29400
Van Wert,1979,30400
Vinton,1979,11300
Warren,1979,98300
Washington,1979,63800
Wayne,1979,97300
Williams,1979,36100
Wood,1979,106000
Wyandot,1979,22800
Ohio,1980,10797604
Adams,1980,24328
Allen,1980,112241
Ashland,1980,46178
Ashtabula,1980,104215
Athens,1980,56399
Auglaize,1980,42554
Belmont,1980,82569
Brown,1980,31920
Butler,1980,258787
Carroll,1980,25598
Champaign,1980,33649
Clark,1980,150236
Clermont,1980,128483
Clinton,1980,34603
Columbiana,1980,113572
Coshocton,1980,36024
Crawford,1980,50075
Cuyahoga,1980,1498400
Darke,1980,55096
Defiance,1980,39987
Delaware,1980,53840
Erie,1980,79655
Fairfield,1980,93678
Fayette,1980,27467
Franklin,1980,869126
Fulton,1980,37751
Gallia,1980,30098
Geauga,1980,74474
Greene,1980,129769
Guernsey,1980,42024
Hamilton,1980,873204
Hancock,1980,64581
Hardin,1980,32719
Harrison,1980,18152
Henry,1980,28383
Highland,1980,33477
Hocking,1980,24304
Holmes,1980,29416
Huron,1980,54608
Jackson,1980,30592
Jefferson,1980,91564
Knox,1980,46304
Lake,1980,212801
Lawrence,1980,63849
Licking,1980,120981
Logan,1980,39155
Lorain,1980,274909
Lucas,1980,471741
Madison,1980,33004
Mahoning,1980,289487
Marion,1980,67974
Medina,1980,113150
Meigs,1980,23641
Mercer,1980,38334
Miami,1980,90381
Monroe,1980,17382
Montgomery,1980,571697
Morgan,1980,14241
Morrow,1980,26480
Muskingum,1980,83340
Noble,1980,11310
Ottawa,1980,40076
Paulding,1980,21302
Perry,1980,31032
Pickaway,1980,43662
Pike,1980,22802
Portage,1980,135856
Preble,1980,38223
Putnam,1980,32991
Richland,1980,131205
Ross,1980,65004
Sandusky,1980,63267
Scioto,1980,84545
Seneca,1980,61901
Shelby,1980,43089
Stark,1980,378823
Summit,1980,524472
Trumbull,1980,241863
Tuscarawas,1980,84614
Union,1980,29536
Van Wert,1980,30458
Vinton,1980,11584
Warren,1980,99276
Washington,1980,64266
Wayne,1980,97408
Williams,1980,36369
Wood,1980,107372
Wyandot,1980,22651
Ohio,1981,10788336
Adams,1981,24388
Allen,1981,111726
Ashland,1981,46396
Ashtabula,1981,102998
Athens,1981,56674
Auglaize,1981,43013
Belmont,1981,81859
Brown,1981,32158
Butler,1981,261926
Carroll,1981,25508
Champaign,1981,33599
Clark,1981,149463
Clermont,1981,130938
Clinton,1981,34553
Columbiana,1981,112599
Coshocton,1981,36202
Crawford,1981,49960
Cuyahoga,1981,1485870
Darke,1981,54584
Defiance,1981,39818
Delaware,1981,54825
Erie,1981,79266
Fairfield,1981,95831
Fayette,1981,27180
Franklin,1981,878742
Fulton,1981,37796
Gallia,1981,30174
Geauga,1981,74750
Greene,1981,129725
Guernsey,1981,41941
Hamilton,1981,872014
Hancock,1981,64809
Hardin,1981,32546
Harrison,1981,17638
Henry,1981,28465
Highland,1981,33805
Hocking,1981,24226
Holmes,1981,29775
Huron,1981,54704
Jackson,1981,30280
Jefferson,1981,90048
Knox,1981,46398
Lake,1981,214021
Lawrence,1981,63173
Licking,1981,122475
Logan,1981,39452
Lorain,1981,273173
Lucas,1981,470193
Madison,1981,33595
Mahoning,1981,284845
Marion,1981,67619
Medina,1981,114315
Meigs,1981,23403
Mercer,1981,38539
Miami,1981,90844
Monroe,1981,16901
Montgomery,1981,570260
Morgan,1981,13926
Morrow,1981,26736
Muskingum,1981,83329
Noble,1981,11048
Ottawa,1981,40087
Paulding,1981,21184
Perry,1981,31156
Pickaway,1981,43399
Pike,1981,23298
Portage,1981,137468
Preble,1981,38076
Putnam,1981,33265
Richland,1981,130465
Ross,1981,65594
Sandusky,1981,62943
Scioto,1981,83466
Seneca,1981,61995
Shelby,1981,43494
Stark,1981,377725
Summit,1981,521402
Trumbull,1981,240531
Tuscarawas,1981,84760
Union,1981,29627
Van Wert,1981,30542
Vinton,1981,11142
Warren,1981,99953
Washington,1981,63981
Wayne,1981,97671
Williams,1981,36515
Wood,1981,108988
Wyandot,1981,22592
Ohio,1982,10757085
Adams,1982,24459
Allen,1982,109826
Ashland,1982,46427
Ashtabula,1982,102945
Athens,1982,57432
Auglaize,1982,42899
Belmont,1982,81403
Brown,1982,32150
Butler,1982,262015
Carroll,1982,25701
Champaign,1982,33780
Clark,1982,147821
Clermont,1982,132719
Clinton,1982,34210
Columbiana,1982,112463
Coshocton,1982,36146
Crawford,1982,49232
Cuyahoga,1982,1474693
Darke,1982,53414
Defiance,1982,39263
Delaware,1982,55722
Erie,1982,78098
Fairfield,1982,95772
Fayette,1982,27235
Franklin,1982,880292
Fulton,1982,37513
Gallia,1982,29972
Geauga,1982,74939
Greene,1982,130099
Guernsey,1982,41708
Hamilton,1982,871027
Hancock,1982,64889
Hardin,1982,32041
Harrison,1982,17669
Henry,1982,28159
Highland,1982,33600
Hocking,1982,24118
Holmes,1982,30273
Huron,1982,54355
Jackson,1982,30477
Jefferson,1982,89547
Knox,1982,46706
Lake,1982,214281
Lawrence,1982,63309
Licking,1982,123336
Logan,1982,39306
Lorain,1982,271800
Lucas,1982,468648
Madison,1982,33879
Mahoning,1982,283178
Marion,1982,67153
Medina,1982,114977
Meigs,1982,23661
Mercer,1982,38369
Miami,1982,90265
Monroe,1982,16838
Montgomery,1982,565803
Morgan,1982,14137
Morrow,1982,26606
Muskingum,1982,83728
Noble,1982,11170
Ottawa,1982,39722
Paulding,1982,20901
Perry,1982,31371
Pickaway,1982,42971
Pike,1982,23737
Portage,1982,138090
Preble,1982,37883
Putnam,1982,32962
Richland,1982,129141
Ross,1982,65649
Sandusky,1982,62180
Scioto,1982,84297
Seneca,1982,61093
Shelby,1982,43275
Stark,1982,375915
Summit,1982,518036
Trumbull,1982,239152
Tuscarawas,1982,84820
Union,1982,29914
Van Wert,1982,30217
Vinton,1982,11299
Warren,1982,100581
Washington,1982,64529
Wayne,1982,98039
Williams,1982,36203
Wood,1982,108830
Wyandot,1982,22625
Ohio,1983,10737631
Adams,1983,24111
Allen,1983,108936
Ashland,1983,46186
Ashtabula,1983,101955
Athens,1983,57704
Auglaize,1983,42808
Belmont,1983,80575
Brown,1983,32052
Butler,1983,262757
Carroll,1983,25964
Champaign,1983,33637
Clark,1983,147142
Clermont,1983,134129
Clinton,1983,34238
Columbiana,1983,111217
Coshocton,1983,35972
Crawford,1983,48840
Cuyahoga,1983,1472065
Darke,1983,53459
Defiance,1983,38988
Delaware,1983,56406
Erie,1983,77434
Fairfield,1983,95612
Fayette,1983,27452
Franklin,1983,887215
Fulton,1983,37583
Gallia,1983,30218
Geauga,1983,75171
Greene,1983,129763
Guernsey,1983,41557
Hamilton,1983,869026
Hancock,1983,65011
Hardin,1983,31597
Harrison,1983,17546
Henry,1983,28358
Highland,1983,33541
Hocking,1983,24443
Holmes,1983,30756
Huron,1983,54324
Jackson,1983,30693
Jefferson,1983,87354
Knox,1983,46662
Lake,1983,214471
Lawrence,1983,63513
Licking,1983,123737
Logan,1983,39451
Lorain,1983,269616
Lucas,1983,466029
Madison,1983,34489
Mahoning,1983,280893
Marion,1983,66766
Medina,1983,115227
Meigs,1983,23460
Mercer,1983,38360
Miami,1983,89692
Monroe,1983,16697
Montgomery,1983,563911
Morgan,1983,14083
Morrow,1983,26615
Muskingum,1983,83259
Noble,1983,11148
Ottawa,1983,39666
Paulding,1983,20874
Perry,1983,31100
Pickaway,1983,42534
Pike,1983,23781
Portage,1983,138332
Preble,1983,38199
Putnam,1983,32915
Richland,1983,128066
Ross,1983,66233
Sandusky,1983,61977
Scioto,1983,84677
Seneca,1983,61060
Shelby,1983,43039
Stark,1983,373763
Summit,1983,515636
Trumbull,1983,236942
Tuscarawas,1983,84738
Union,1983,29837
Van Wert,1983,30170
Vinton,1983,11372
Warren,1983,101084
Washington,1983,64586
Wayne,1983,98193
Williams,1983,36037
Wood,1983,108318
Wyandot,1983,22628
Ohio,1984,10737743
Adams,1984,23861
Allen,1984,109642
Ashland,1984,46493
Ashtabula,1984,101387
Athens,1984,57695
Auglaize,1984,43192
Belmont,1984,79285
Brown,1984,32162
Butler,1984,267077
Carroll,1984,26038
Champaign,1984,33906
Clark,1984,147100
Clermont,1984,135550
Clinton,1984,34060
Columbiana,1984,109992
Coshocton,1984,35948
Crawford,1984,48948
Cuyahoga,1984,1466936
Darke,1984,53523
Defiance,1984,38877
Delaware,1984,57053
Erie,1984,77299
Fairfield,1984,95823
Fayette,1984,27242
Franklin,1984,895684
Fulton,1984,37792
Gallia,1984,30265
Geauga,1984,75239
Greene,1984,129138
Guernsey,1984,41099
Hamilton,1984,868534
Hancock,1984,65560
Hardin,1984,31485
Harrison,1984,17113
Henry,1984,28482
Highland,1984,33722
Hocking,1984,24562
Holmes,1984,30733
Huron,1984,54701
Jackson,1984,30381
Jefferson,1984,86096
Knox,1984,46537
Lake,1984,214952
Lawrence,1984,63209
Licking,1984,123919
Logan,1984,39816
Lorain,1984,268724
Lucas,1984,463874
Madison,1984,34278
Mahoning,1984,276914
Marion,1984,66229
Medina,1984,115439
Meigs,1984,23280
Mercer,1984,38343
Miami,1984,89732
Monroe,1984,16357
Montgomery,1984,566943
Morgan,1984,14053
Morrow,1984,26722
Muskingum,1984,83535
Noble,1984,11118
Ottawa,1984,39579
Paulding,1984,20660
Perry,1984,31193
Pickaway,1984,42959
Pike,1984,23535
Portage,1984,138175
Preble,1984,38747
Putnam,1984,33067
Richland,1984,128485
Ross,1984,66985
Sandusky,1984,62367
Scioto,1984,83599
Seneca,1984,60762
Shelby,1984,43301
Stark,1984,373093
Summit,1984,513742
Trumbull,1984,235007
Tuscarawas,1984,84796
Union,1984,29918
Van Wert,1984,30291
Vinton,1984,11337
Warren,1984,102088
Washington,1984,64165
Wayne,1984,98330
Williams,1984,36361
Wood,1984,108916
Wyandot,1984,22636
Ohio,1985,10734926
Adams,1985,24118
Allen,1985,109601
Ashland,1985,46572
Ashtabula,1985,100761
Athens,1985,58208
Auglaize,1985,43394
Belmont,1985,77482
Brown,1985,32666
Butler,1985,270444
Carroll,1985,26144
Champaign,1985,34166
Clark,1985,147075
Clermont,1985,137393
Clinton,1985,34021
Columbiana,1985,109127
Coshocton,1985,35438
Crawford,1985,48663
Cuyahoga,1985,1458564
Darke,1985,53545
Defiance,1985,39348
Delaware,1985,58010
Erie,1985,76915
Fairfield,1985,96404
Fayette,1985,27301
Franklin,1985,902756
Fulton,1985,37833
Gallia,1985,30307
Geauga,1985,75562
Greene,1985,129898
Guernsey,1985,40558
Hamilton,1985,870575
Hancock,1985,65763
Hardin,1985,31516
Harrison,1985,16882
Henry,1985,28675
Highland,1985,33828
Hocking,1985,24463
Holmes,1985,31065
Huron,1985,54472
Jackson,1985,30376
Jefferson,1985,84980
Knox,1985,46675
Lake,1985,213641
Lawrence,1985,62742
Licking,1985,124394
Logan,1985,40028
Lorain,1985,268298
Lucas,1985,462841
Madison,1985,34628
Mahoning,1985,274535
Marion,1985,65553
Medina,1985,115175
Meigs,1985,23304
Mercer,1985,38473
Miami,1985,90014
Monroe,1985,16237
Montgomery,1985,568935
Morgan,1985,14107
Morrow,1985,26925
Muskingum,1985,82976
Noble,1985,11363
Ottawa,1985,39557
Paulding,1985,20677
Perry,1985,31256
Pickaway,1985,45305
Pike,1985,23650
Portage,1985,137932
Preble,1985,38990
Putnam,1985,33041
Richland,1985,128181
Ross,1985,67048
Sandusky,1985,61983
Scioto,1985,82518
Seneca,1985,60766
Shelby,1985,43574
Stark,1985,370383
Summit,1985,510525
Trumbull,1985,233564
Tuscarawas,1985,84347
Union,1985,30291
Van Wert,1985,30332
Vinton,1985,11323
Warren,1985,102828
Washington,1985,63835
Wayne,1985,98441
Williams,1985,36685
Wood,1985,109463
Wyandot,1985,22718
Ohio,1986,10730272
Adams,1986,24306
Allen,1986,109755
Ashland,1986,46297
Ashtabula,1986,100195
Athens,1986,58343
Auglaize,1986,43595
Belmont,1986,75517
Brown,1986,32930
Butler,1986,274324
Carroll,1986,26230
Champaign,1986,34298
Clark,1986,147403
Clermont,1986,139924
Clinton,1986,34193
Columbiana,1986,108181
Coshocton,1986,35366
Crawford,1986,48478
Cuyahoga,1986,1448590
Darke,1986,53389
Defiance,1986,39123
Delaware,1986,59497
Erie,1986,76774
Fairfield,1986,97525
Fayette,1986,27331
Franklin,1986,912947
Fulton,1986,37726
Gallia,1986,30117
Geauga,1986,76267
Greene,1986,130523
Guernsey,1986,39830
Hamilton,1986,872226
Hancock,1986,65384
Hardin,1986,31250
Harrison,1986,16569
Henry,1986,28619
Highland,1986,34088
Hocking,1986,24575
Holmes,1986,31431
Huron,1986,55222
Jackson,1986,30200
Jefferson,1986,83261
Knox,1986,46536
Lake,1986,213039
Lawrence,1986,62303
Licking,1986,124378
Logan,1986,40535
Lorain,1986,267400
Lucas,1986,463868
Madison,1986,34849
Mahoning,1986,271333
Marion,1986,64781
Medina,1986,115310
Meigs,1986,23182
Mercer,1986,38449
Miami,1986,90837
Monroe,1986,15882
Montgomery,1986,569689
Morgan,1986,14021
Morrow,1986,26840
Muskingum,1986,82439
Noble,1986,11369
Ottawa,1986,39810
Paulding,1986,20607
Perry,1986,31146
Pickaway,1986,45672
Pike,1986,23435
Portage,1986,138655
Preble,1986,39153
Putnam,1986,33227
Richland,1986,127418
Ross,1986,66738
Sandusky,1986,62035
Scioto,1986,81752
Seneca,1986,60328
Shelby,1986,43770
Stark,1986,367339
Summit,1986,507992
Trumbull,1986,230943
Tuscarawas,1986,83635
Union,1986,30625
Van Wert,1986,30258
Vinton,1986,11284
Warren,1986,104298
Washington,1986,63416
Wayne,1986,98358
Williams,1986,36543
Wood,1986,110479
Wyandot,1986,22517
Ohio,1987,10760081
Adams,1987,24688
Allen,1987,110123
Ashland,1987,46448
Ashtabula,1987,99864
Athens,1987,59343
Auglaize,1987,43914
Belmont,1987,74336
Brown,1987,33284
Butler,1987,280021
Carroll,1987,26356
Champaign,1987,34822
Clark,1987,147514
Clermont,1987,143332
Clinton,1987,34601
Columbiana,1987,107885
Coshocton,1987,35324
Crawford,1987,48389
Cuyahoga,1987,1438907
Darke,1987,53552
Defiance,1987,39168
Delaware,1987,60675
Erie,1987,76640
Fairfield,1987,99509
Fayette,1987,27300
Franklin,1987,924832
Fulton,1987,37902
Gallia,1987,30376
Geauga,1987,76931
Greene,1987,132249
Guernsey,1987,39726
Hamilton,1987,873550
Hancock,1987,65511
Hardin,1987,31354
Harrison,1987,15972
Henry,1987,28719
Highland,1987,34712
Hocking,1987,24817
Holmes,1987,31766
Huron,1987,55596
Jackson,1987,30323
Jefferson,1987,81930
Knox,1987,46630
Lake,1987,213350
Lawrence,1987,62178
Licking,1987,124978
Logan,1987,41321
Lorain,1987,267931
Lucas,1987,464107
Madison,1987,35313
Mahoning,1987,268467
Marion,1987,64621
Medina,1987,116773
Meigs,1987,23015
Mercer,1987,38674
Miami,1987,91386
Monroe,1987,15788
Montgomery,1987,572546
Morgan,1987,14164
Morrow,1987,27067
Muskingum,1987,82486
Noble,1987,11382
Ottawa,1987,39654
Paulding,1987,20766
Perry,1987,31252
Pickaway,1987,46195
Pike,1987,23579
Portage,1987,139247
Preble,1987,39653
Putnam,1987,33320
Richland,1987,127345
Ross,1987,67481
Sandusky,1987,62066
Scioto,1987,81480
Seneca,1987,60521
Shelby,1987,43982
Stark,1987,365779
Summit,1987,508563
Trumbull,1987,228929
Tuscarawas,1987,83446
Union,1987,30995
Van Wert,1987,30457
Vinton,1987,11291
Warren,1987,106987
Washington,1987,63092
Wayne,1987,99041
Williams,1987,36902
Wood,1987,111084
Wyandot,1987,22536
Ohio,1988,10798554
Adams,1988,24887
Allen,1988,110518
Ashland,1988,46949
Ashtabula,1988,99929
Athens,1988,59046
Auglaize,1988,44380
Belmont,1988,73157
Brown,1988,33901
Butler,1988,283064
Carroll,1988,26310
Champaign,1988,35198
Clark,1988,147992
Clermont,1988,145624
Clinton,1988,34589
Columbiana,1988,107677
Coshocton,1988,35451
Crawford,1988,48229
Cuyahoga,1988,1421546
Darke,1988,53948
Defiance,1988,39157
Delaware,1988,62996
Erie,1988,76883
Fairfield,1988,100877
Fayette,1988,27345
Franklin,1988,942069
Fulton,1988,38428
Gallia,1988,30368
Geauga,1988,79151
Greene,1988,133439
Guernsey,1988,39584
Hamilton,1988,871861
Hancock,1988,65724
Hardin,1988,31079
Harrison,1988,16077
Henry,1988,28745
Highland,1988,35074
Hocking,1988,24796
Holmes,1988,32131
Huron,1988,55801
Jackson,1988,29935
Jefferson,1988,81473
Knox,1988,46826
Lake,1988,213640
Lawrence,1988,62111
Licking,1988,125945
Logan,1988,41806
Lorain,1988,268431
Lucas,1988,465954
Madison,1988,36248
Mahoning,1988,266069
Marion,1988,64066
Medina,1988,119307
Meigs,1988,22811
Mercer,1988,39045
Miami,1988,92538
Monroe,1988,15528
Montgomery,1988,576663
Morgan,1988,14207
Morrow,1988,27261
Muskingum,1988,82391
Noble,1988,11191
Ottawa,1988,39947
Paulding,1988,20657
Perry,1988,31240
Pickaway,1988,47094
Pike,1988,23802
Portage,1988,141116
Preble,1988,40002
Putnam,1988,33609
Richland,1988,127167
Ross,1988,67973
Sandusky,1988,62222
Scioto,1988,80880
Seneca,1988,60034
Shelby,1988,44015
Stark,1988,367442
Summit,1988,511698
Trumbull,1988,228936
Tuscarawas,1988,83912
Union,1988,31565
Van Wert,1988,30682
Vinton,1988,11218
Warren,1988,109842
Washington,1988,62487
Wayne,1988,101426
Williams,1988,37274
Wood,1988,112603
Wyandot,1988,22285
Ohio,1989,10829216
Adams,1989,25206
Allen,1989,110270
Ashland,1989,47499
Ashtabula,1989,99664
Athens,1989,59612
Auglaize,1989,44501
Belmont,1989,72239
Brown,1989,34574
Butler,1989,286469
Carroll,1989,26399
Champaign,1989,35728
Clark,1989,147720
Clermont,1989,147784
Clinton,1989,34959
Columbiana,1989,107847
Coshocton,1989,35549
Crawford,1989,48210
Cuyahoga,1989,1417480
Darke,1989,53787
Defiance,1989,39275
Delaware,1989,65127
Erie,1989,76781
Fairfield,1989,102105
Fayette,1989,27441
Franklin,1989,952215
Fulton,1989,38422
Gallia,1989,30876
Geauga,1989,80400
Greene,1989,135427
Guernsey,1989,39429
Hamilton,1989,868633
Hancock,1989,65807
Hardin,1989,31223
Harrison,1989,16262
Henry,1989,29101
Highland,1989,35609
Hocking,1989,25277
Holmes,1989,32719
Huron,1989,56025
Jackson,1989,30173
Jefferson,1989,81085
Knox,1989,47136
Lake,1989,214747
Lawrence,1989,61634
Licking,1989,126738
Logan,1989,42091
Lorain,1989,270225
Lucas,1989,464013
Madison,1989,37036
Mahoning,1989,265756
Marion,1989,64307
Medina,1989,120850
Meigs,1989,22975
Mercer,1989,39168
Miami,1989,92871
Monroe,1989,15564
Montgomery,1989,574060
Morgan,1989,14262
Morrow,1989,27613
Muskingum,1989,82143
Noble,1989,11378
Ottawa,1989,40081
Paulding,1989,20658
Perry,1989,31560
Pickaway,1989,48335
Pike,1989,24057
Portage,1989,142255
Preble,1989,40030
Putnam,1989,33845
Richland,1989,126590
Ross,1989,69142
Sandusky,1989,62101
Scioto,1989,80392
Seneca,1989,59955
Shelby,1989,44565
Stark,1989,368082
Summit,1989,513371
Trumbull,1989,228426
Tuscarawas,1989,84241
Union,1989,31908
Van Wert,1989,30713
Vinton,1989,11176
Warren,1989,112219
Washington,1989,62527
Wayne,1989,101160
Williams,1989,36811
Wood,1989,113125
Wyandot,1989,22415
Ohio,1990,10847115
Adams,1990,25371
Allen,1990,109755
Ashland,1990,47507
Ashtabula,1990,99880
Athens,1990,59549
Auglaize,1990,44585
Belmont,1990,71074
Brown,1990,34966
Butler,1990,291479
Carroll,1990,26521
Champaign,1990,36019
Clark,1990,147538
Clermont,1990,150094
Clinton,1990,35444
Columbiana,1990,108276
Coshocton,1990,35427
Crawford,1990,47870
Cuyahoga,1990,1412140
Darke,1990,53617
Defiance,1990,39350
Delaware,1990,66929
Erie,1990,76781
Fairfield,1990,103468
Fayette,1990,27466
Franklin,1990,961437
Fulton,1990,38498
Gallia,1990,30954
Geauga,1990,81087
Greene,1990,136731
Guernsey,1990,39024
Hamilton,1990,866228
Hancock,1990,65536
Hardin,1990,31111
Harrison,1990,16085
Henry,1990,29108
Highland,1990,35728
Hocking,1990,25533
Holmes,1990,32849
Huron,1990,56238
Jackson,1990,30230
Jefferson,1990,80298
Knox,1990,47473
Lake,1990,215500
Lawrence,1990,61834
Licking,1990,128300
Logan,1990,42310
Lorain,1990,271126
Lucas,1990,462361
Madison,1990,37078
Mahoning,1990,264806
Marion,1990,64274
Medina,1990,122354
Meigs,1990,22987
Mercer,1990,39443
Miami,1990,93184
Monroe,1990,15497
Montgomery,1990,573809
Morgan,1990,14194
Morrow,1990,27749
Muskingum,1990,82068
Noble,1990,11336
Ottawa,1990,40029
Paulding,1990,20488
Perry,1990,31557
Pickaway,1990,48248
Pike,1990,24249
Portage,1990,142585
Preble,1990,40113
Putnam,1990,33819
Richland,1990,126137
Ross,1990,69330
Sandusky,1990,61963
Scioto,1990,80327
Seneca,1990,59733
Shelby,1990,44915
Stark,1990,367585
Summit,1990,514990
Trumbull,1990,227795
Tuscarawas,1990,84090
Union,1990,31969
Van Wert,1990,30464
Vinton,1990,11098
Warren,1990,113973
Washington,1990,62254
Wayne,1990,101461
Williams,1990,36956
Wood,1990,113269
Wyandot,1990,22254
Ohio,1991,10945762
Adams,1991,25731
Allen,1991,109916
Ashland,1991,48099
Ashtabula,1991,100255
Athens,1991,59728
Auglaize,1991,45257
Belmont,1991,70697
Brown,1991,35625
Butler,1991,299492
Carroll,1991,26878
Champaign,1991,36411
Clark,1991,147747
Clermont,1991,154020
Clinton,1991,35998
Columbiana,1991,109386
Coshocton,1991,35605
Crawford,1991,47745
Cuyahoga,1991,1417671
Darke,1991,53589
Defiance,1991,39516
Delaware,1991,70273
Erie,1991,77227
Fairfield,1991,105605
Fayette,1991,27783
Franklin,1991,981175
Fulton,1991,38963
Gallia,1991,30987
Geauga,1991,82225
Greene,1991,139451
Guernsey,1991,39154
Hamilton,1991,870139
Hancock,1991,66329
Hardin,1991,31242
Harrison,1991,15974
Henry,1991,29187
Highland,1991,36403
Hocking,1991,25903
Holmes,1991,33399
Huron,1991,56932
Jackson,1991,30721
Jefferson,1991,79968
Knox,1991,47894
Lake,1991,218236
Lawrence,1991,62053
Licking,1991,130696
Logan,1991,43023
Lorain,1991,273893
Lucas,1991,462292
Madison,1991,37749
Mahoning,1991,265294
Marion,1991,64232
Medina,1991,125487
Meigs,1991,23076
Mercer,1991,39696
Miami,1991,94025
Monroe,1991,15379
Montgomery,1991,576333
Morgan,1991,14198
Morrow,1991,27982
Muskingum,1991,82081
Noble,1991,11523
Ottawa,1991,40061
Paulding,1991,20362
Perry,1991,31716
Pickaway,1991,48835
Pike,1991,24599
Portage,1991,143981
Preble,1991,40301
Putnam,1991,34112
Richland,1991,127040
Ross,1991,70319
Sandusky,1991,62452
Scioto,1991,80083
Seneca,1991,59570
Shelby,1991,45604
Stark,1991,370147
Summit,1991,520497
Trumbull,1991,228779
Tuscarawas,1991,85051
Union,1991,32625
Van Wert,1991,30322
Vinton,1991,11275
Warren,1991,116883
Washington,1991,62271
Wayne,1991,102524
Williams,1991,37206
Wood,1991,113351
Wyandot,1991,22248
Ohio,1992,11029431
Adams,1992,26044
Allen,1992,110242
Ashland,1992,48709
Ashtabula,1992,100657
Athens,1992,59739
Auglaize,1992,45793
Belmont,1992,70706
Brown,1992,36351
Butler,1992,305085
Carroll,1992,27025
Champaign,1992,36634
Clark,1992,147584
Clermont,1992,157006
Clinton,1992,36483
Columbiana,1992,110346
Coshocton,1992,35743
Crawford,1992,47647
Cuyahoga,1992,1422812
Darke,1992,53579
Defiance,1992,39428
Delaware,1992,72549
Erie,1992,77709
Fairfield,1992,108021
Fayette,1992,27853
Franklin,1992,995873
Fulton,1992,39566
Gallia,1992,31852
Geauga,1992,83175
Greene,1992,141130
Guernsey,1992,39300
Hamilton,1992,872223
Hancock,1992,67167
Hardin,1992,31229
Harrison,1992,15917
Henry,1992,29329
Highland,1992,37045
Hocking,1992,26442
Holmes,1992,33822
Huron,1992,57152
Jackson,1992,31239
Jefferson,1992,79589
Knox,1992,48662
Lake,1992,220473
Lawrence,1992,62431
Licking,1992,131967
Logan,1992,43537
Lorain,1992,276174
Lucas,1992,462571
Madison,1992,38624
Mahoning,1992,266478
Marion,1992,64475
Medina,1992,128402
Meigs,1992,23213
Mercer,1992,39868
Miami,1992,94746
Monroe,1992,15231
Montgomery,1992,578604
Morgan,1992,14362
Morrow,1992,28317
Muskingum,1992,82396
Noble,1992,11537
Ottawa,1992,40039
Paulding,1992,20217
Perry,1992,32189
Pickaway,1992,50158
Pike,1992,25127
Portage,1992,145558
Preble,1992,40623
Putnam,1992,34300
Richland,1992,127475
Ross,1992,70949
Sandusky,1992,62590
Scioto,1992,80731
Seneca,1992,59547
Shelby,1992,45853
Stark,1992,372374
Summit,1992,524194
Trumbull,1992,229463
Tuscarawas,1992,85796
Union,1992,33472
Van Wert,1992,30222
Vinton,1992,11485
Warren,1992,119214
Washington,1992,62862
Wayne,1992,103666
Williams,1992,37573
Wood,1992,113618
Wyandot,1992,22273
Ohio,1993,11101140
Adams,1993,26299
Allen,1993,110262
Ashland,1993,49865
Ashtabula,1993,101092
Athens,1993,60240
Auglaize,1993,46106
Belmont,1993,70620
Brown,1993,37141
Butler,1993,310942
Carroll,1993,27316
Champaign,1993,37035
Clark,1993,147442
Clermont,1993,160158
Clinton,1993,36807
Columbiana,1993,111043
Coshocton,1993,36005
Crawford,1993,47582
Cuyahoga,1993,1426966
Darke,1993,53635
Defiance,1993,39552
Delaware,1993,75526
Erie,1993,78243
Fairfield,1993,110264
Fayette,1993,28098
Franklin,1993,1008616
Fulton,1993,39784
Gallia,1993,31076
Geauga,1993,82257
Greene,1993,142315
Guernsey,1993,39356
Hamilton,1993,873002
Hancock,1993,67776
Hardin,1993,31380
Harrison,1993,15990
Henry,1993,29281
Highland,1993,37637
Hocking,1993,26766
Holmes,1993,34497
Huron,1993,57212
Jackson,1993,31544
Jefferson,1993,79371
Knox,1993,49284
Lake,1993,222060
Lawrence,1993,62855
Licking,1993,133691
Logan,1993,44065
Lorain,1993,278090
Lucas,1993,461355
Madison,1993,39209
Mahoning,1993,266769
Marion,1993,65033
Medina,1993,131025
Meigs,1993,23286
Mercer,1993,40054
Miami,1993,95608
Monroe,1993,15269
Montgomery,1993,578999
Morgan,1993,14440
Morrow,1993,28790
Muskingum,1993,82882
Noble,1993,11635
Ottawa,1993,40193
Paulding,1993,20395
Perry,1993,32565
Pickaway,1993,50992
Pike,1993,25499
Portage,1993,145729
Preble,1993,40765
Putnam,1993,34316
Richland,1993,127792
Ross,1993,71858
Sandusky,1993,62506
Scioto,1993,80406
Seneca,1993,59726
Shelby,1993,46259
Stark,1993,374782
Summit,1993,528385
Trumbull,1993,229685
Tuscarawas,1993,86370
Union,1993,34192
Van Wert,1993,30231
Vinton,1993,11761
Warren,1993,123175
Washington,1993,63428
Wayne,1993,104927
Williams,1993,37752
Wood,1993,114490
Wyandot,1993,22463
Ohio,1994,11152454
Adams,1994,26550
Allen,1994,110138
Ashland,1994,50607
Ashtabula,1994,101479
Athens,1994,60377
Auglaize,1994,46262
Belmont,1994,70336
Brown,1994,38154
Butler,1994,314626
Carroll,1994,27545
Champaign,1994,37351
Clark,1994,147355
Clermont,1994,162726
Clinton,1994,37309
Columbiana,1994,111357
Coshocton,1994,36089
Crawford,1994,47448
Cuyahoga,1994,1426291
Darke,1994,53757
Defiance,1994,39584
Delaware,1994,79346
Erie,1994,78646
Fairfield,1994,112137
Fayette,1994,28221
Franklin,1994,1017751
Fulton,1994,39917
Gallia,1994,31155
Geauga,1994,83391
Greene,1994,143529
Guernsey,1994,39716
Hamilton,1994,869754
Hancock,1994,68477
Hardin,1994,31509
Harrison,1994,15831
Henry,1994,29292
Highland,1994,38136
Hocking,1994,27027
Holmes,1994,35324
Huron,1994,57487
Jackson,1994,31852
Jefferson,1994,78942
Knox,1994,50079
Lake,1994,223030
Lawrence,1994,62853
Licking,1994,135205
Logan,1994,44215
Lorain,1994,279752
Lucas,1994,460509
Madison,1994,39907
Mahoning,1994,265877
Marion,1994,67505
Medina,1994,133839
Meigs,1994,23347
Mercer,1994,40341
Miami,1994,96156
Monroe,1994,15170
Montgomery,1994,575200
Morgan,1994,14569
Morrow,1994,29164
Muskingum,1994,83326
Noble,1994,11634
Ottawa,1994,40206
Paulding,1994,20343
Perry,1994,33051
Pickaway,1994,51545
Pike,1994,25844
Portage,1994,146495
Preble,1994,41065
Putnam,1994,34565
Richland,1994,128281
Ross,1994,72283
Sandusky,1994,62589
Scioto,1994,80619
Seneca,1994,59853
Shelby,1994,46479
Stark,1994,376067
Summit,1994,531568
Trumbull,1994,229851
Tuscarawas,1994,87293
Union,1994,35089
Van Wert,1994,30288
Vinton,1994,11919
Warren,1994,126729
Washington,1994,63862
Wayne,1994,106020
Williams,1994,38137
Wood,1994,115415
Wyandot,1994,22539
Ohio,1995,11202751
Adams,1995,26823
Allen,1995,109841
Ashland,1995,50581
Ashtabula,1995,101821
Athens,1995,60881
Auglaize,1995,46454
Belmont,1995,70049
Brown,1995,38746
Butler,1995,318290
Carroll,1995,27890
Champaign,1995,37644
Clark,1995,147289
Clermont,1995,165351
Clinton,1995,37643
Columbiana,1995,111625
Coshocton,1995,36297
Crawford,1995,47516
Cuyahoga,1995,1422616
Darke,1995,53792
Defiance,1995,39923
Delaware,1995,82849
Erie,1995,79613
Fairfield,1995,114410
Fayette,1995,28258
Franklin,1995,1026057
Fulton,1995,40527
Gallia,1995,31307
Geauga,1995,84815
Greene,1995,145481
Guernsey,1995,40080
Hamilton,1995,865970
Hancock,1995,69158
Hardin,1995,31719
Harrison,1995,15853
Henry,1995,29421
Highland,1995,38691
Hocking,1995,27443
Holmes,1995,36326
Huron,1995,58030
Jackson,1995,31934
Jefferson,1995,78630
Knox,1995,51094
Lake,1995,224790
Lawrence,1995,62858
Licking,1995,136880
Logan,1995,44700
Lorain,1995,281085
Lucas,1995,458890
Madison,1995,40326
Mahoning,1995,264804
Marion,1995,67783
Medina,1995,136897
Meigs,1995,23451
Mercer,1995,40695
Miami,1995,96629
Monroe,1995,15196
Montgomery,1995,573498
Morgan,1995,14794
Morrow,1995,29588
Muskingum,1995,83797
Noble,1995,11837
Ottawa,1995,40466
Paulding,1995,20405
Perry,1995,33298
Pickaway,1995,52253
Pike,1995,26493
Portage,1995,147895
Preble,1995,41524
Putnam,1995,34758
Richland,1995,128217
Ross,1995,72645
Sandusky,1995,62788
Scioto,1995,80644
Seneca,1995,59665
Shelby,1995,46851
Stark,1995,377034
Summit,1995,534251
Trumbull,1995,229158
Tuscarawas,1995,88318
Union,1995,36308
Van Wert,1995,30252
Vinton,1995,12187
Warren,1995,130526
Washington,1995,64047
Wayne,1995,107344
Williams,1995,38663
Wood,1995,116887
Wyandot,1995,22638
Ohio,1996,11242827
Adams,1996,27273
Allen,1996,109573
Ashland,1996,51047
Ashtabula,1996,102128
Athens,1996,61205
Auglaize,1996,46682
Belmont,1996,71653
Brown,1996,39398
Butler,1996,322122
Carroll,1996,28124
Champaign,1996,37990
Clark,1996,147116
Clermont,1996,167937
Clinton,1996,38275
Columbiana,1996,111761
Coshocton,1996,36391
Crawford,1996,47513
Cuyahoga,1996,1418382
Darke,1996,53889
Defiance,1996,40220
Delaware,1996,88068
Erie,1996,80107
Fairfield,1996,115822
Fayette,1996,28500
Franklin,1996,1033866
Fulton,1996,40976
Gallia,1996,31313
Geauga,1996,86448
Greene,1996,145298
Guernsey,1996,40358
Hamilton,1996,862440
Hancock,1996,69599
Hardin,1996,31733
Harrison,1996,15902
Henry,1996,29507
Highland,1996,39120
Hocking,1996,27832
Holmes,1996,37005
Huron,1996,58667
Jackson,1996,32241
Jefferson,1996,77668
Knox,1996,51990
Lake,1996,226395
Lawrence,1996,62821
Licking,1996,133975
Logan,1996,44926
Lorain,1996,282321
Lucas,1996,458018
Madison,1996,40412
Mahoning,1996,263696
Marion,1996,67624
Medina,1996,140052
Meigs,1996,23333
Mercer,1996,40776
Miami,1996,96948
Monroe,1996,15203
Montgomery,1996,571942
Morgan,1996,14794
Morrow,1996,29864
Muskingum,1996,83958
Noble,1996,11823
Ottawa,1996,40452
Paulding,1996,20475
Perry,1996,33668
Pickaway,1996,52328
Pike,1996,26712
Portage,1996,149292
Preble,1996,41902
Putnam,1996,34761
Richland,1996,128894
Ross,1996,72990
Sandusky,1996,62666
Scioto,1996,80539
Seneca,1996,59621
Shelby,1996,46863
Stark,1996,377791
Summit,1996,537972
Trumbull,1996,228902
Tuscarawas,1996,88994
Union,1996,37276
Van Wert,1996,30173
Vinton,1996,12330
Warren,1996,134392
Washington,1996,64196
Wayne,1996,108632
Williams,1996,38813
Wood,1996,117474
Wyandot,1996,22699
Ohio,1997,11277357
Adams,1997,27291
Allen,1997,109150
Ashland,1997,51508
Ashtabula,1997,102703
Athens,1997,61172
Auglaize,1997,46583
Belmont,1997,71339
Brown,1997,40138
Butler,1997,325431
Carroll,1997,28470
Champaign,1997,38168
Clark,1997,146268
Clermont,1997,170952
Clinton,1997,38991
Columbiana,1997,111854
Coshocton,1997,36530
Crawford,1997,47400
Cuyahoga,1997,1411041
Darke,1997,53692
Defiance,1997,40030
Delaware,1997,93592
Erie,1997,80074
Fairfield,1997,117432
Fayette,1997,28567
Franklin,1997,1043193
Fulton,1997,41305
Gallia,1997,31473
Geauga,1997,88072
Greene,1997,144580
Guernsey,1997,40486
Hamilton,1997,859490
Hancock,1997,69902
Hardin,1997,31890
Harrison,1997,15999
Henry,1997,29499
Highland,1997,39251
Hocking,1997,27939
Holmes,1997,37576
Huron,1997,59050
Jackson,1997,32388
Jefferson,1997,76735
Knox,1997,52832
Lake,1997,227046
Lawrence,1997,62900
Licking,1997,135686
Logan,1997,45302
Lorain,1997,283518
Lucas,1997,457718
Madison,1997,40086
Mahoning,1997,262161
Marion,1997,67507
Medina,1997,142999
Meigs,1997,23296
Mercer,1997,40872
Miami,1997,97687
Monroe,1997,15167
Montgomery,1997,568983
Morgan,1997,14794
Morrow,1997,30309
Muskingum,1997,83990
Noble,1997,14111
Ottawa,1997,40689
Paulding,1997,20530
Perry,1997,33984
Pickaway,1997,52554
Pike,1997,27149
Portage,1997,149959
Preble,1997,42149
Putnam,1997,34655
Richland,1997,128868
Ross,1997,73527
Sandusky,1997,62386
Scioto,1997,80608
Seneca,1997,59524
Shelby,1997,47211
Stark,1997,377765
Summit,1997,539502
Trumbull,1997,228165
Tuscarawas,1997,89534
Union,1997,38360
Van Wert,1997,30206
Vinton,1997,12290
Warren,1997,139428
Washington,1997,64108
Wayne,1997,109578
Williams,1997,39011
Wood,1997,118827
Wyandot,1997,22622
Ohio,1998,11311536
Adams,1998,27422
Allen,1998,108599
Ashland,1998,52013
Ashtabula,1998,102836
Athens,1998,61417
Auglaize,1998,46671
Belmont,1998,71363
Brown,1998,40808
Butler,1998,328265
Carroll,1998,28637
Champaign,1998,38443
Clark,1998,145742
Clermont,1998,173634
Clinton,1998,39554
Columbiana,1998,112044
Coshocton,1998,36531
Crawford,1998,47380
Cuyahoga,1998,1405644
Darke,1998,53467
Defiance,1998,39866
Delaware,1998,99666
Erie,1998,79861
Fairfield,1998,119250
Fayette,1998,28541
Franklin,1998,1050922
Fulton,1998,41658
Gallia,1998,31324
Geauga,1998,89231
Greene,1998,146266
Guernsey,1998,40736
Hamilton,1998,855976
Hancock,1998,70482
Hardin,1998,31910
Harrison,1998,15956
Henry,1998,29394
Highland,1998,39933
Hocking,1998,28082
Holmes,1998,38173
Huron,1998,59133
Jackson,1998,32558
Jefferson,1998,75370
Knox,1998,53543
Lake,1998,227687
Lawrence,1998,62800
Licking,1998,141393
Logan,1998,45698
Lorain,1998,283428
Lucas,1998,456745
Madison,1998,40334
Mahoning,1998,260812
Marion,1998,67213
Medina,1998,145578
Meigs,1998,23161
Mercer,1998,41025
Miami,1998,98187
Monroe,1998,15234
Montgomery,1998,566715
Morgan,1998,14828
Morrow,1998,30623
Muskingum,1998,84188
Noble,1998,14334
Ottawa,1998,40906
Paulding,1998,20418
Perry,1998,33945
Pickaway,1998,53155
Pike,1998,27297
Portage,1998,150392
Preble,1998,42179
Putnam,1998,34799
Richland,1998,128540
Ross,1998,73835
Sandusky,1998,62102
Scioto,1998,80133
Seneca,1998,59250
Shelby,1998,47450
Stark,1998,377552
Summit,1998,540647
Trumbull,1998,227247
Tuscarawas,1998,90172
Union,1998,39320
Van Wert,1998,29864
Vinton,1998,12486
Warren,1998,145427
Washington,1998,63848
Wayne,1998,110314
Williams,1998,39090
Wood,1998,120081
Wyandot,1998,22803
Ohio,1999,11335454
Adams,1999,27422
Allen,1999,108192
Ashland,1999,52431
Ashtabula,1999,102796
Athens,1999,61856
Auglaize,1999,46663
Belmont,1999,70587
Brown,1999,41544
Butler,1999,330751
Carroll,1999,28763
Champaign,1999,38669
Clark,1999,145159
Clermont,1999,176389
Clinton,1999,40104
Columbiana,1999,112151
Coshocton,1999,36526
Crawford,1999,47156
Cuyahoga,1999,1399752
Darke,1999,53375
Defiance,1999,39712
Delaware,1999,105518
Erie,1999,79513
Fairfield,1999,121431
Fayette,1999,28420
Franklin,1999,1061223
Fulton,1999,41987
Gallia,1999,31156
Geauga,1999,90085
Greene,1999,147479
Guernsey,1999,40754
Hamilton,1999,849917
Hancock,1999,71019
Hardin,1999,31966
Harrison,1999,15880
Henry,1999,29267
Highland,1999,40539
Hocking,1999,28222
Holmes,1999,38594
Huron,1999,59266
Jackson,1999,32638
Jefferson,1999,74546
Knox,1999,54061
Lake,1999,227605
Lawrence,1999,62523
Licking,1999,143697
Logan,1999,46063
Lorain,1999,283364
Lucas,1999,455515
Madison,1999,40299
Mahoning,1999,259145
Marion,1999,66533
Medina,1999,149137
Meigs,1999,23209
Mercer,1999,40958
Miami,1999,98587
Monroe,1999,15233
Montgomery,1999,561944
Morgan,1999,14843
Morrow,1999,31198
Muskingum,1999,84388
Noble,1999,14009
Ottawa,1999,41017
Paulding,1999,20414
Perry,1999,33960
Pickaway,1999,52492
Pike,1999,27521
Portage,1999,151388
Preble,1999,42389
Putnam,1999,34654
Richland,1999,129233
Ross,1999,73287
Sandusky,1999,61777
Scioto,1999,79640
Seneca,1999,58957
Shelby,1999,47750
Stark,1999,378220
Summit,1999,541737
Trumbull,1999,226084
Tuscarawas,1999,90501
Union,1999,40154
Van Wert,1999,29825
Vinton,1999,12735
Warren,1999,152448
Washington,1999,63479
Wayne,1999,111191
Williams,1999,39106
Wood,1999,120869
Wyandot,1999,22897
Ohio,2000,11353140
Adams,2000,27330
Allen,2000,108473
Ashland,2000,52523
Ashtabula,2000,102728
Athens,2000,62223
Auglaize,2000,46611
Belmont,2000,70226
Brown,2000,42285
Butler,2000,332807
Carroll,2000,28836
Champaign,2000,38890
Clark,2000,144742
Clermont,2000,177977
Clinton,2000,40543
Columbiana,2000,112075
Coshocton,2000,36655
Crawford,2000,46966
Cuyahoga,2000,1393978
Darke,2000,53309
Defiance,2000,39500
Delaware,2000,109989
Erie,2000,79551
Fairfield,2000,122759
Fayette,2000,28433
Franklin,2000,1068978
Fulton,2000,42084
Gallia,2000,31069
Geauga,2000,90895
Greene,2000,147886
Guernsey,2000,40792
Hamilton,2000,845303
Hancock,2000,71295
Hardin,2000,31945
Harrison,2000,15856
Henry,2000,29210
Highland,2000,40875
Hocking,2000,28241
Holmes,2000,38943
Huron,2000,59487
Jackson,2000,32641
Jefferson,2000,73894
Knox,2000,54500
Lake,2000,227511
Lawrence,2000,62319
Licking,2000,145491
Logan,2000,46005
Lorain,2000,284664
Lucas,2000,455054
Madison,2000,40213
Mahoning,2000,257555
Marion,2000,66217
Medina,2000,151095
Meigs,2000,23072
Mercer,2000,40924
Miami,2000,98868
Monroe,2000,15180
Montgomery,2000,559062
Morgan,2000,14897
Morrow,2000,31628
Muskingum,2000,84585
Noble,2000,14058
Ottawa,2000,40985
Paulding,2000,20293
Perry,2000,34078
Pickaway,2000,52727
Pike,2000,27695
Portage,2000,152061
Preble,2000,42337
Putnam,2000,34726
Richland,2000,128852
Ross,2000,73345
Sandusky,2000,61792
Scioto,2000,79195
Seneca,2000,58683
Shelby,2000,47910
Stark,2000,378098
Summit,2000,542899
Trumbull,2000,225116
Tuscarawas,2000,90914
Union,2000,40909
Van Wert,2000,29659
Vinton,2000,12806
Warren,2000,158383
Washington,2000,63251
Wayne,2000,111564
Williams,2000,39188
Wood,2000,121065
Wyandot,2000,22908
Ohio,2001,NA
Adams,2001,27522
Allen,2001,108523
Ashland,2001,52560
Ashtabula,2001,102450
Athens,2001,62997
Auglaize,2001,46137
Belmont,2001,69901
Brown,2001,42839
Butler,2001,336679
Carroll,2001,28961
Champaign,2001,39047
Clark,2001,143803
Clermont,2001,179845
Clinton,2001,40777
Columbiana,2001,111370
Coshocton,2001,36975
Crawford,2001,46533
Cuyahoga,2001,1382520
Darke,2001,53110
Defiance,2001,39456
Delaware,2001,118646
Erie,2001,79308
Fairfield,2001,126245
Fayette,2001,28310
Franklin,2001,1082938
Fulton,2001,42169
Gallia,2001,31017
Geauga,2001,91429
Greene,2001,149643
Guernsey,2001,40860
Hamilton,2001,840335
Hancock,2001,71972
Hardin,2001,31753
Harrison,2001,15796
Henry,2001,29055
Highland,2001,41295
Hocking,2001,28452
Holmes,2001,39805
Huron,2001,59620
Jackson,2001,32670
Jefferson,2001,73043
Knox,2001,55460
Lake,2001,227648
Lawrence,2001,61965
Licking,2001,148226
Logan,2001,45865
Lorain,2001,285827
Lucas,2001,454855
Madison,2001,40256
Mahoning,2001,255264
Marion,2001,66156
Medina,2001,154363
Meigs,2001,23119
Mercer,2001,40819
Miami,2001,99300
Monroe,2001,15107
Montgomery,2001,555536
Morgan,2001,14942
Morrow,2001,32438
Muskingum,2001,84789
Noble,2001,13857
Ottawa,2001,41015
Paulding,2001,20183
Perry,2001,34375
Pickaway,2001,52344
Pike,2001,27807
Portage,2001,153554
Preble,2001,42427
Putnam,2001,34746
Richland,2001,128187
Ross,2001,73840
Sandusky,2001,61788
Scioto,2001,78784
Seneca,2001,58376
Shelby,2001,48662
Stark,2001,377295
Summit,2001,544554
Trumbull,2001,223991
Tuscarawas,2001,91319
Union,2001,42859
Van Wert,2001,29430
Vinton,2001,12966
Warren,2001,167851
Washington,2001,62847
Wayne,2001,112161
Williams,2001,39085
Wood,2001,122013
Wyandot,2001,22787
Ohio,2002,NA
Adams,2002,27817
Allen,2002,108518
Ashland,2002,52595
Ashtabula,2002,102577
Athens,2002,63401
Auglaize,2002,45943
Belmont,2002,70293
Brown,2002,43368
Butler,2002,339514
Carroll,2002,29172
Champaign,2002,39280
Clark,2002,143229
Clermont,2002,182143
Clinton,2002,41042
Columbiana,2002,111097
Coshocton,2002,37149
Crawford,2002,46271
Cuyahoga,2002,1371493
Darke,2002,53011
Defiance,2002,39303
Delaware,2002,126172
Erie,2002,78762
Fairfield,2002,129355
Fayette,2002,28370
Franklin,2002,1088693
Fulton,2002,42275
Gallia,2002,31083
Geauga,2002,91970
Greene,2002,151537
Guernsey,2002,40991
Hamilton,2002,832390
Hancock,2002,72617
Hardin,2002,31804
Harrison,2002,15902
Henry,2002,29119
Highland,2002,41857
Hocking,2002,28653
Holmes,2002,40475
Huron,2002,59917
Jackson,2002,32846
Jefferson,2002,72416
Knox,2002,56377
Lake,2002,227747
Lawrence,2002,61847
Licking,2002,150061
Logan,2002,46089
Lorain,2002,287489
Lucas,2002,454240
Madison,2002,40539
Mahoning,2002,252998
Marion,2002,66188
Medina,2002,157502
Meigs,2002,23305
Mercer,2002,40843
Miami,2002,99579
Monroe,2002,15006
Montgomery,2002,553170
Morgan,2002,14917
Morrow,2002,32955
Muskingum,2002,85247
Noble,2002,13931
Ottawa,2002,41029
Paulding,2002,19972
Perry,2002,34629
Pickaway,2002,51778
Pike,2002,28072
Portage,2002,154667
Preble,2002,42587
Putnam,2002,34643
Richland,2002,128363
Ross,2002,74363
Sandusky,2002,61918
Scioto,2002,78652
Seneca,2002,58090
Shelby,2002,48671
Stark,2002,376867
Summit,2002,544866
Trumbull,2002,222484
Tuscarawas,2002,91735
Union,2002,43517
Van Wert,2002,29327
Vinton,2002,13076
Warren,2002,174833
Washington,2002,62638
Wayne,2002,112684
Williams,2002,38959
Wood,2002,122206
Wyandot,2002,22813
Ohio,2003,NA
Adams,2003,28111
Allen,2003,107418
Ashland,2003,52867
Ashtabula,2003,102667
Athens,2003,63827
Auglaize,2003,45872
Belmont,2003,70219
Brown,2003,43794
Butler,2003,343022
Carroll,2003,29325
Champaign,2003,39395
Clark,2003,141758
Clermont,2003,184446
Clinton,2003,41250
Columbiana,2003,111000
Coshocton,2003,37288
Crawford,2003,45928
Cuyahoga,2003,1359929
Darke,2003,53190
Defiance,2003,39209
Delaware,2003,133842
Erie,2003,78673
Fairfield,2003,132770
Fayette,2003,28450
Franklin,2003,1095250
Fulton,2003,42402
Gallia,2003,31095
Geauga,2003,93042
Greene,2003,153064
Guernsey,2003,41138
Hamilton,2003,825139
Hancock,2003,73118
Hardin,2003,31729
Harrison,2003,16002
Henry,2003,29021
Highland,2003,42269
Hocking,2003,28823
Holmes,2003,40844
Huron,2003,59947
Jackson,2003,32880
Jefferson,2003,72122
Knox,2003,57232
Lake,2003,227232
Lawrence,2003,62197
Licking,2003,152582
Logan,2003,46257
Lorain,2003,290622
Lucas,2003,453778
Madison,2003,40879
Mahoning,2003,251696
Marion,2003,66372
Medina,2003,160325
Meigs,2003,23441
Mercer,2003,40841
Miami,2003,100120
Monroe,2003,15048
Montgomery,2003,551742
Morgan,2003,14999
Morrow,2003,33524
Muskingum,2003,85418
Noble,2003,14221
Ottawa,2003,41329
Paulding,2003,19887
Perry,2003,34944
Pickaway,2003,51983
Pike,2003,28258
Portage,2003,155976
Preble,2003,42640
Putnam,2003,34758
Richland,2003,128312
Ross,2003,75008
Sandusky,2003,61784
Scioto,2003,78278
Seneca,2003,58006
Shelby,2003,48766
Stark,2003,376721
Summit,2003,545163
Trumbull,2003,220889
Tuscarawas,2003,92015
Union,2003,44665
Van Wert,2003,29288
Vinton,2003,13260
Warren,2003,181976
Washington,2003,62759
Wayne,2003,113067
Williams,2003,38753
Wood,2003,122826
Wyandot,2003,22816
Ohio,2004,NA
Adams,2004,28328
Allen,2004,106826
Ashland,2004,52852
Ashtabula,2004,102648
Athens,2004,63230
Auglaize,2004,45932
Belmont,2004,70241
Brown,2004,43995
Butler,2004,346655
Carroll,2004,29297
Champaign,2004,39565
Clark,2004,141380
Clermont,2004,187281
Clinton,2004,41557
Columbiana,2004,110627
Coshocton,2004,37421
Crawford,2004,45776
Cuyahoga,2004,1346714
Darke,2004,53236
Defiance,2004,39115
Delaware,2004,141348
Erie,2004,78596
Fairfield,2004,136074
Fayette,2004,28470
Franklin,2004,1099603
Fulton,2004,42777
Gallia,2004,31029
Geauga,2004,93218
Greene,2004,155442
Guernsey,2004,40965
Hamilton,2004,817306
Hancock,2004,73532
Hardin,2004,32119
Harrison,2004,15856
Henry,2004,29014
Highland,2004,42938
Hocking,2004,28962
Holmes,2004,41370
Huron,2004,60011
Jackson,2004,33025
Jefferson,2004,71774
Knox,2004,57995
Lake,2004,227829
Lawrence,2004,62169
Licking,2004,155264
Logan,2004,46247
Lorain,2004,292125
Lucas,2004,451255
Madison,2004,41122
Mahoning,2004,249825
Marion,2004,66361
Medina,2004,163048
Meigs,2004,23506
Mercer,2004,40889
Miami,2004,100775
Monroe,2004,15113
Montgomery,2004,549713
Morgan,2004,15130
Morrow,2004,34025
Muskingum,2004,85589
Noble,2004,14352
Ottawa,2004,41564
Paulding,2004,19803
Perry,2004,35117
Pickaway,2004,52238
Pike,2004,28427
Portage,2004,156774
Preble,2004,42613
Putnam,2004,34680
Richland,2004,128094
Ross,2004,75251
Sandusky,2004,61930
Scioto,2004,77788
Seneca,2004,57857
Shelby,2004,48791
Stark,2004,376663
Summit,2004,545037
Trumbull,2004,219540
Tuscarawas,2004,92348
Union,2004,45819
Van Wert,2004,29322
Vinton,2004,13308
Warren,2004,188904
Washington,2004,62924
Wayne,2004,113240
Williams,2004,38719
Wood,2004,124149
Wyandot,2004,22914
Ohio,2005,NA
Adams,2005,28522
Allen,2005,106861
Ashland,2005,53048
Ashtabula,2005,102638
Athens,2005,64075
Auglaize,2005,46166
Belmont,2005,70203
Brown,2005,44161
Butler,2005,350732
Carroll,2005,29118
Champaign,2005,39592
Clark,2005,141367
Clermont,2005,189486
Clinton,2005,41775
Columbiana,2005,109784
Coshocton,2005,37363
Crawford,2005,45536
Cuyahoga,2005,1330612
Darke,2005,53200
Defiance,2005,39049
Delaware,2005,149153
Erie,2005,78070
Fairfield,2005,138745
Fayette,2005,28695
Franklin,2005,1105497
Fulton,2005,42897
Gallia,2005,30993
Geauga,2005,93614
Greene,2005,156223
Guernsey,2005,40752
Hamilton,2005,810352
Hancock,2005,73585
Hardin,2005,31983
Harrison,2005,15907
Henry,2005,29031
Highland,2005,42967
Hocking,2005,29058
Holmes,2005,41630
Huron,2005,60116
Jackson,2005,33242
Jefferson,2005,71251
Knox,2005,58641
Lake,2005,227647
Lawrence,2005,62476
Licking,2005,157950
Logan,2005,46066
Lorain,2005,294873
Lucas,2005,449224
Madison,2005,41292
Mahoning,2005,247702
Marion,2005,66468
Medina,2005,164953
Meigs,2005,23588
Mercer,2005,40967
Miami,2005,101564
Monroe,2005,14943
Montgomery,2005,546979
Morgan,2005,15216
Morrow,2005,34271
Muskingum,2005,85696
Noble,2005,14210
Ottawa,2005,41629
Paulding,2005,19810
Perry,2005,35254
Pickaway,2005,52954
Pike,2005,28299
Portage,2005,157469
Preble,2005,42584
Putnam,2005,34798
Richland,2005,127724
Ross,2005,75935
Sandusky,2005,61865
Scioto,2005,77926
Seneca,2005,57664
Shelby,2005,49044
Stark,2005,376050
Summit,2005,545029
Trumbull,2005,217926
Tuscarawas,2005,92286
Union,2005,46952
Van Wert,2005,29264
Vinton,2005,13370
Warren,2005,195499
Washington,2005,62547
Wayne,2005,113603
Williams,2005,38546
Wood,2005,124698
Wyandot,2005,22820
Ohio,2006,NA
Adams,2006,28615
Allen,2006,106716
Ashland,2006,53231
Ashtabula,2006,102340
Athens,2006,64237
Auglaize,2006,46034
Belmont,2006,70469
Brown,2006,44334
Butler,2006,356691
Carroll,2006,29163
Champaign,2006,40018
Clark,2006,140668
Clermont,2006,192209
Clinton,2006,42499
Columbiana,2006,109673
Coshocton,2006,37339
Crawford,2006,44907
Cuyahoga,2006,1312816
Darke,2006,53023
Defiance,2006,39154
Delaware,2006,156164
Erie,2006,77876
Fairfield,2006,141005
Fayette,2006,28791
Franklin,2006,1115924
Fulton,2006,42785
Gallia,2006,30927
Geauga,2006,93839
Greene,2006,157850
Guernsey,2006,40600
Hamilton,2006,804913
Hancock,2006,74167
Hardin,2006,31939
Harrison,2006,15868
Henry,2006,29026
Highland,2006,43562
Hocking,2006,29097
Holmes,2006,41828
Huron,2006,60113
Jackson,2006,33135
Jefferson,2006,70656
Knox,2006,59194
Lake,2006,228203
Lawrence,2006,62798
Licking,2006,160263
Logan,2006,45902
Lorain,2006,297259
Lucas,2006,446769
Madison,2006,41865
Mahoning,2006,246112
Marion,2006,66345
Medina,2006,167298
Meigs,2006,23586
Mercer,2006,41063
Miami,2006,102028
Monroe,2006,14818
Montgomery,2006,543620
Morgan,2006,15189
Morrow,2006,34561
Muskingum,2006,86023
Noble,2006,14616
Ottawa,2006,41641
Paulding,2006,19748
Perry,2006,35430
Pickaway,2006,54094
Pike,2006,28590
Portage,2006,157773
Preble,2006,42651
Putnam,2006,34781
Richland,2006,127292
Ross,2006,76639
Sandusky,2006,61745
Scioto,2006,78285
Seneca,2006,57406
Shelby,2006,49099
Stark,2006,376180
Summit,2006,544660
Trumbull,2006,216185
Tuscarawas,2006,92271
Union,2006,48589
Van Wert,2006,29342
Vinton,2006,13516
Warren,2006,200630
Washington,2006,62387
Wayne,2006,114263
Williams,2006,38547
Wood,2006,125027
Wyandot,2006,22729
Ohio,2007,NA
Adams,2007,28538
Allen,2007,106717
Ashland,2007,53544
Ashtabula,2007,102156
Athens,2007,64102
Auglaize,2007,45977
Belmont,2007,70430
Brown,2007,44490
Butler,2007,361192
Carroll,2007,29062
Champaign,2007,40127
Clark,2007,139829
Clermont,2007,194346
Clinton,2007,42576
Columbiana,2007,109153
Coshocton,2007,37184
Crawford,2007,44634
Cuyahoga,2007,1301540
Darke,2007,52996
Defiance,2007,39123
Delaware,2007,161796
Erie,2007,77668
Fairfield,2007,142915
Fayette,2007,28908
Franklin,2007,1127174
Fulton,2007,42800
Gallia,2007,30977
Geauga,2007,93742
Greene,2007,159055
Guernsey,2007,40531
Hamilton,2007,801815
Hancock,2007,74712
Hardin,2007,32132
Harrison,2007,15901
Henry,2007,28671
Highland,2007,43845
Hocking,2007,29418
Holmes,2007,41826
Huron,2007,60086
Jackson,2007,33144
Jefferson,2007,70114
Knox,2007,59843
Lake,2007,228930
Lawrence,2007,62748
Licking,2007,162375
Logan,2007,46154
Lorain,2007,298609
Lucas,2007,445482
Madison,2007,42392
Mahoning,2007,243453
Marion,2007,66487
Medina,2007,168775
Meigs,2007,23612
Mercer,2007,41055
Miami,2007,102130
Monroe,2007,14774
Montgomery,2007,540667
Morgan,2007,15175
Morrow,2007,34937
Muskingum,2007,85939
Noble,2007,14614
Ottawa,2007,41690
Paulding,2007,19735
Perry,2007,35582
Pickaway,2007,55044
Pike,2007,28645
Portage,2007,159148
Preble,2007,42561
Putnam,2007,34752
Richland,2007,126995
Ross,2007,77419
Sandusky,2007,61571
Scioto,2007,78775
Seneca,2007,57289
Shelby,2007,49284
Stark,2007,376877
Summit,2007,544275
Trumbull,2007,214296
Tuscarawas,2007,92511
Union,2007,49906
Van Wert,2007,29182
Vinton,2007,13566
Warren,2007,205258
Washington,2007,62253
Wayne,2007,114224
Williams,2007,38532
Wood,2007,125285
Wyandot,2007,22716
Ohio,2008,NA
Adams,2008,28686
Allen,2008,106773
Ashland,2008,53499
Ashtabula,2008,101826
Athens,2008,64546
Auglaize,2008,46167
Belmont,2008,70356
Brown,2008,44668
Butler,2008,364179
Carroll,2008,28999
Champaign,2008,40263
Clark,2008,139404
Clermont,2008,195891
Clinton,2008,42656
Columbiana,2008,108469
Coshocton,2008,36953
Crawford,2008,44291
Cuyahoga,2008,1291479
Darke,2008,52909
Defiance,2008,39250
Delaware,2008,166652
Erie,2008,77573
Fairfield,2008,144029
Fayette,2008,28896
Franklin,2008,1141183
Fulton,2008,42780
Gallia,2008,30997
Geauga,2008,93583
Greene,2008,160115
Guernsey,2008,40347
Hamilton,2008,799840
Hancock,2008,74781
Hardin,2008,32200
Harrison,2008,15856
Henry,2008,28523
Highland,2008,43700
Hocking,2008,29445
Holmes,2008,42029
Huron,2008,60121
Jackson,2008,33164
Jefferson,2008,69989
Knox,2008,60348
Lake,2008,229904
Lawrence,2008,62640
Licking,2008,163916
Logan,2008,46115
Lorain,2008,299814
Lucas,2008,443909
Madison,2008,43163
Mahoning,2008,241572
Marion,2008,66840
Medina,2008,170330
Meigs,2008,23534
Mercer,2008,41022
Miami,2008,102430
Monroe,2008,14833
Montgomery,2008,537664
Morgan,2008,15104
Morrow,2008,34877
Muskingum,2008,85874
Noble,2008,14653
Ottawa,2008,41554
Paulding,2008,19670
Perry,2008,36150
Pickaway,2008,55376
Pike,2008,28763
Portage,2008,160184
Preble,2008,42688
Putnam,2008,34655
Richland,2008,126128
Ross,2008,77675
Sandusky,2008,61184
Scioto,2008,79133
Seneca,2008,57199
Shelby,2008,49454
Stark,2008,377141
Summit,2008,543116
Trumbull,2008,212191
Tuscarawas,2008,92634
Union,2008,50856
Van Wert,2008,29075
Vinton,2008,13452
Warren,2008,208640
Washington,2008,62040
Wayne,2008,114610
Williams,2008,38297
Wood,2008,125275
Wyandot,2008,22642
Ohio,2009,NA
Adams,2009,28500
Allen,2009,106518
Ashland,2009,53305
Ashtabula,2009,101584
Athens,2009,64618
Auglaize,2009,45996
Belmont,2009,70439
Brown,2009,44740
Butler,2009,366633
Carroll,2009,28917
Champaign,2009,40265
Clark,2009,138778
Clermont,2009,196512
Clinton,2009,42418
Columbiana,2009,107948
Coshocton,2009,36878
Crawford,2009,43921
Cuyahoga,2009,1285082
Darke,2009,52829
Defiance,2009,39060
Delaware,2009,170676
Erie,2009,77085
Fairfield,2009,145446
Fayette,2009,28929
Franklin,2009,1155408
Fulton,2009,42747
Gallia,2009,30857
Geauga,2009,93446
Greene,2009,161075
Guernsey,2009,40242
Hamilton,2009,802149
Hancock,2009,74964
Hardin,2009,32185
Harrison,2009,15860
Henry,2009,28322
Highland,2009,43578
Hocking,2009,29358
Holmes,2009,42275
Huron,2009,59754
Jackson,2009,33115
Jefferson,2009,69833
Knox,2009,60633
Lake,2009,229954
Lawrence,2009,62667
Licking,2009,165283
Logan,2009,46055
Lorain,2009,300893
Lucas,2009,442603
Madison,2009,43353
Mahoning,2009,240050
Marion,2009,66497
Medina,2009,171688
Meigs,2009,23770
Mercer,2009,40855
Miami,2009,102526
Monroe,2009,14742
Montgomery,2009,535294
Morgan,2009,15073
Morrow,2009,34907
Muskingum,2009,85779
Noble,2009,14649
Ottawa,2009,41498
Paulding,2009,19659
Perry,2009,35996
Pickaway,2009,55323
Pike,2009,28679
Portage,2009,161226
Preble,2009,42424
Putnam,2009,34583
Richland,2009,125308
Ross,2009,77862
Sandusky,2009,61039
Scioto,2009,79241
Seneca,2009,56897
Shelby,2009,49540
Stark,2009,376210
Summit,2009,542135
Trumbull,2009,211290
Tuscarawas,2009,92584
Union,2009,51798
Van Wert,2009,28849
Vinton,2009,13474
Warren,2009,211231
Washington,2009,61968
Wayne,2009,114588
Williams,2009,37950
Wood,2009,125384
Wyandot,2009,22644
Ohio,2010,NA
Adams,2010,28550
Allen,2010,106331
Ashland,2010,53139
Ashtabula,2010,101497
Athens,2010,64757
Auglaize,2010,45949
Belmont,2010,70400
Brown,2010,44846
Butler,2010,368130
Carroll,2010,28836
Champaign,2010,40097
Clark,2010,138333
Clermont,2010,197363
Clinton,2010,42040
Columbiana,2010,107841
Coshocton,2010,36901
Crawford,2010,43784
Cuyahoga,2010,1280122
Darke,2010,52959
Defiance,2010,39037
Delaware,2010,174214
Erie,2010,77079
Fairfield,2010,146156
Fayette,2010,29030
Franklin,2010,1163414
Fulton,2010,42698
Gallia,2010,30934
Geauga,2010,93389
Greene,2010,161573
Guernsey,2010,40087
Hamilton,2010,802374
Hancock,2010,74782
Hardin,2010,32058
Harrison,2010,15864
Henry,2010,28215
Highland,2010,43589
Hocking,2010,29380
Holmes,2010,42366
Huron,2010,59626
Jackson,2010,33225
Jefferson,2010,69709
Knox,2010,60921
Lake,2010,230041
Lawrence,2010,62450
Licking,2010,166492
Logan,2010,45858
Lorain,2010,301356
Lucas,2010,441815
Madison,2010,43435
Mahoning,2010,238823
Marion,2010,66501
Medina,2010,172332
Meigs,2010,23770
Mercer,2010,40814
Miami,2010,102506
Monroe,2010,14642
Montgomery,2010,535153
Morgan,2010,15054
Morrow,2010,34827
Muskingum,2010,86074
Noble,2010,14645
Ottawa,2010,41428
Paulding,2010,19614
Perry,2010,36058
Pickaway,2010,55698
Pike,2010,28709
Portage,2010,161419
Preble,2010,42270
Putnam,2010,34499
Richland,2010,124475
Ross,2010,78064
Sandusky,2010,60944
Scioto,2010,79499
Seneca,2010,56745
Shelby,2010,49423
Stark,2010,375586
Summit,2010,541781
Trumbull,2010,210312
Tuscarawas,2010,92582
Union,2010,52300
Van Wert,2010,28744
Vinton,2010,13435
Warren,2010,212693
Washington,2010,61778
Wayne,2010,114520
Williams,2010,37642
Wood,2010,125488
Wyandot,2010,22615
